年度,職類別,行業別,受僱員工人數,總薪資,經常性薪資,非經常性薪資
2019,主管及監督人員,運輸及倉儲業各業,32412,76820,70930,5890
2019,高階主管(總經理及總執行長),運輸及倉儲業各業,1478,162647,156941,5706
2019,中階主管(經理),運輸及倉儲業各業,7899,97037,89829,7208
2019,監督人員(含現場及辦公室主任、科/股長),運輸及倉儲業各業,23035,64380,58930,5450
2019,專業人員,運輸及倉儲業各業,7779,72404,65525,6879
2019,品管工程師,運輸及倉儲業各業,54,67101,64444,2657
2019,土木及水利工程師,運輸及倉儲業各業,292,90733,64062,26671
2019,環境工程師,運輸及倉儲業各業,… ,… ,… ,… 
2019,航空機械工程師,運輸及倉儲業各業,83,117499,113007,4492
2019,機械工程師(含造船、輪機、鑄造),運輸及倉儲業各業,891,98091,90172,7919
2019,化工工程師,運輸及倉儲業各業,… ,… ,… ,… 
2019,電機工程師,運輸及倉儲業各業,640,71593,63967,7626
2019,電子工程師,運輸及倉儲業各業,67,66938,62832,4106
2019,電信工程師,運輸及倉儲業各業,… ,… ,… ,… 
2019,建築工程師(含建築師),運輸及倉儲業各業,… ,… ,… ,… 
2019,護理人員,運輸及倉儲業各業,132,50675,47459,3216
2019,勞安及衛生管理人員(含工業安全管理師),運輸及倉儲業各業,299,77276,66342,10934
2019,會(審)計師(含會計稽核),運輸及倉儲業各業,34,101270,79810,21460
2019,財務、經濟及投資分析研究人員,運輸及倉儲業各業,29,95177,60919,34258
2019,專案管理師(含經營管理顧問),運輸及倉儲業各業,398,71574,63370,8204
2019,稽核人員,運輸及倉儲業各業,267,70396,61654,8742
2019,人力資源管理師,運輸及倉儲業各業,514,66383,59925,6458
2019,廣告及行銷專業人員(含企劃),運輸及倉儲業各業,1283,64002,58816,5186
2019,公關專業人員,運輸及倉儲業各業,128,70038,60780,9258
2019,資訊系統分析及設計師,運輸及倉儲業各業,1003,74318,68560,5758
2019,軟體開發及程式設計師,運輸及倉儲業各業,814,54796,52924,1872
2019,資料庫及網路專業人員,運輸及倉儲業各業,790,66750,63408,3342
2019,律師及相關專業人員,運輸及倉儲業各業,33,96081,83737,12344
2019,技術員及助理專業人員,運輸及倉儲業各業,22212,81860,72748,9112
2019,營建工程技術員(含建築、土木、景觀、測量、水利),運輸及倉儲業各業,741,66507,54538,11969
2019,電機技術員,運輸及倉儲業各業,1143,53279,48467,4812
2019,電子技術員,運輸及倉儲業各業,172,51153,46031,5122
2019,航空機械技術員,運輸及倉儲業各業,432,67014,59783,7231
2019,冷凍空調技術員,運輸及倉儲業各業,… ,… ,… ,… 
2019,機械技術員(含造船、輪機、鑄造),運輸及倉儲業各業,1526,70260,57151,13109
2019,化工技術員,運輸及倉儲業各業,… ,… ,… ,… 
2019,品管技術員,運輸及倉儲業各業,12,42549,39363,3186
2019,環境工程技術員,運輸及倉儲業各業,9,73277,50141,23136
2019,焚化爐、水處理及氣(液)體設備操作員,運輸及倉儲業各業,261,73447,61454,11993
2019,船舶監管人員(含引水人員),運輸及倉儲業各業,693,134532,101373,33159
2019,航空駕駛員,運輸及倉儲業各業,2884,267295,237870,29425
2019,飛航管制員,運輸及倉儲業各業,… ,… ,… ,… 
2019,勞安及衛生技術員,運輸及倉儲業各業,249,53469,42004,11465
2019,會計人員,運輸及倉儲業各業,1197,60762,55229,5533
2019,統計及精算助理專業人員,運輸及倉儲業各業,58,56955,56399,556
2019,工商業銷售代表(含業務員),運輸及倉儲業各業,4811,53996,49755,4241
2019,採購員,運輸及倉儲業各業,656,59462,53003,6459
2019,報關員(含報驗、船務人員),運輸及倉儲業各業,6101,36331,34796,1535
2019,會議及活動規劃人員,運輸及倉儲業各業,51,68547,39751,28796
2019,不動產經紀人,運輸及倉儲業各業,… ,… ,… ,… 
2019,專業秘書,運輸及倉儲業各業,328,65220,58218,7002
2019,法務人員,運輸及倉儲業各業,194,54856,51136,3720
2019,資訊管理及維護技術員,運輸及倉儲業各業,504,46186,39428,6758
2019,電信技術員,運輸及倉儲業各業,… ,… ,… ,… 
2019,事務支援人員,運輸及倉儲業各業,88948,41507,38728,2779
2019,總務,運輸及倉儲業各業,2914,37189,35228,1961
2019,一般辦公室事務人員(含文書),運輸及倉儲業各業,23962,35984,33521,2463
2019,資料輸入人員,運輸及倉儲業各業,3747,33350,31267,2083
2019,銀行、郵局櫃台事務人員,運輸及倉儲業各業,… ,… ,… ,… 
2019,收帳、收費人員(含帳款催收),運輸及倉儲業各業,968,37800,37179,621
2019,旅遊諮詢人員(含旅行社事務人員),運輸及倉儲業各業,2555,54474,49431,5043
2019,接待員及服務台事務人員,運輸及倉儲業各業,1109,40898,38000,2898
2019,總機人員,運輸及倉儲業各業,195,27650,26794,856
2019,電話及網路客服人員,運輸及倉儲業各業,3299,40490,38819,1671
2019,會計助理、簿記、出納,運輸及倉儲業各業,8956,31418,30205,1213
2019,統計、財務、證券及保險事務人員,運輸及倉儲業各業,28,58875,39148,19727
2019,存貨事務人員,運輸及倉儲業各業,2494,45044,38869,6175
2019,生產及物料規劃事務人員,運輸及倉儲業各業,39,45951,43249,2702
2019,運輸事務人員(含稽查、調度、管理、航務),運輸及倉儲業各業,20040,46586,41239,5347
2019,人事事務人員,運輸及倉儲業各業,1508,39685,36929,2756
2019,郵件處理及投遞人員,運輸及倉儲業各業,9103,45767,45204,563
2019,服務及銷售工作人員,運輸及倉儲業各業,13811,61262,49881,11381
2019,隨車、船、飛機服務人員(含空服員),運輸及倉儲業各業,9631,67363,54717,12646
2019,廚師,運輸及倉儲業各業,56,90732,85489,5243
2019,按摩師,運輸及倉儲業各業,10,25911,25911,— 
2019,商店銷售人員(含百貨公司樓管人員),運輸及倉儲業各業,90,31064,27974,3090
2019,收銀員及售票員,運輸及倉儲業各業,3583,44913,37996,6917
2019,加油站服務員,運輸及倉儲業各業,… ,… ,… ,… 
2019,消防人員,運輸及倉儲業各業,156,110548,58361,52187
2019,建築物管理員、保全及警衛人員,運輸及倉儲業各業,277,38672,31993,6679
2019,技藝、機械設備操作及組裝人員,運輸及倉儲業各業,107148,42685,38109,4576
2019,營建木作人員,運輸及倉儲業各業,… ,… ,… ,… 
2019,其他營建構造人員(含鷹架工),運輸及倉儲業各業,100,42759,39773,2986
2019,管道裝設人員(含檢修),運輸及倉儲業各業,22,51107,43154,7953
2019,焊接及切割人員(含電焊工、氣焊工),運輸及倉儲業各業,34,42025,40983,1042
2019,板金人員,運輸及倉儲業各業,… ,… ,… ,… 
2019,金屬工具機設定及操作人員,運輸及倉儲業各業,… ,… ,… ,… 
2019,車輛維修人員(含自行車、機車、汽車、火車),運輸及倉儲業各業,5966,47885,42114,5771
2019,航空器維修人員,運輸及倉儲業各業,482,61368,55725,5643
2019,產業用機器維修人員,運輸及倉儲業各業,… ,… ,… ,… 
2019,印刷人員,運輸及倉儲業各業,… ,… ,… ,… 
2019,裝訂及有關工作人員,運輸及倉儲業各業,… ,… ,… ,… 
2019,建築物電力系統裝修人員(含水電工),運輸及倉儲業各業,183,56681,48849,7832
2019,電力機械裝修人員,運輸及倉儲業各業,749,52159,44416,7743
2019,電力線路裝修人員,運輸及倉儲業各業,298,43182,39715,3467
2019,資(通)訊設備裝修人員(含電信、電話),運輸及倉儲業各業,78,54429,38296,16133
2019,電子設備裝修人員（不含資通訊設備）,運輸及倉儲業各業,619,45436,41247,4189
2019,潛水人員,運輸及倉儲業各業,… ,… ,… ,… 
2019,金屬製造設備操作員(含熔煉、鑄造、輾軋、熱處理、抽製及擠型等),運輸及倉儲業各業,… ,… ,… ,… 
2019,蒸汽引擎及鍋爐操作人員,運輸及倉儲業各業,13,73862,58276,15586
2019,軌道車輛駕駛人員,運輸及倉儲業各業,2780,64836,46283,18553
2019,軌道制動器、號誌及轉轍器操作員,運輸及倉儲業各業,2423,46438,42619,3819
2019,機車送件駕駛人員,運輸及倉儲業各業,6059,36256,29521,6735
2019,小客、貨車駕駛人員,運輸及倉儲業各業,23331,38684,36886,1798
2019,大客、貨車駕駛人員,運輸及倉儲業各業,56722,42326,37689,4637
2019,推土、吊車、起重機等移運設備操作人員,運輸及倉儲業各業,6029,39856,38198,1658
2019,船舶艙面水手及有關工作人員,運輸及倉儲業各業,1224,79868,60840,19028
2019,基層技術工及勞力工,運輸及倉儲業各業,31592,37192,30986,6206
2019,清潔及家事工作人員(含建築清潔工),運輸及倉儲業各業,815,31683,28176,3507
2019,勞力工,運輸及倉儲業各業,11022,42711,31455,11256
2019,理貨員,運輸及倉儲業各業,14345,35757,32392,3365
2019,廚房幫工(含速食烹調),運輸及倉儲業各業,… ,… ,… ,… 
2019,收票員、引座員,運輸及倉儲業各業,… ,… ,… ,… 
2019,停車場管理工,運輸及倉儲業各業,4560,27777,24634,3143
2019,主管及監督人員,鐵路大眾捷運系統運輸業,3622,78862,71294,7568
2019,高階主管(總經理及總執行長),鐵路大眾捷運系統運輸業,67,168647,165060,3587
2019,中階主管(經理),鐵路大眾捷運系統運輸業,354,108584,106390,2194
2019,監督人員(含現場及辦公室主任、科/股長),鐵路大眾捷運系統運輸業,3201,73696,65451,8245
2019,專業人員,鐵路大眾捷運系統運輸業,1951,64731,61912,2819
2019,品管工程師,鐵路大眾捷運系統運輸業,23,60709,60517,192
2019,土木及水利工程師,鐵路大眾捷運系統運輸業,172,66356,63016,3340
2019,環境工程師,鐵路大眾捷運系統運輸業,— ,— ,— ,— 
2019,航空機械工程師,鐵路大眾捷運系統運輸業,— ,— ,— ,— 
2019,機械工程師(含造船、輪機、鑄造),鐵路大眾捷運系統運輸業,72,67192,63742,3450
2019,化工工程師,鐵路大眾捷運系統運輸業,— ,— ,— ,— 
2019,電機工程師,鐵路大眾捷運系統運輸業,388,63029,60154,2875
2019,電子工程師,鐵路大眾捷運系統運輸業,63,62956,62386,570
2019,電信工程師,鐵路大眾捷運系統運輸業,… ,… ,… ,… 
2019,建築工程師(含建築師),鐵路大眾捷運系統運輸業,— ,— ,— ,— 
2019,護理人員,鐵路大眾捷運系統運輸業,26,28650,28397,253
2019,勞安及衛生管理人員(含工業安全管理師),鐵路大眾捷運系統運輸業,72,67071,64835,2236
2019,會(審)計師(含會計稽核),鐵路大眾捷運系統運輸業,— ,— ,— ,— 
2019,財務、經濟及投資分析研究人員,鐵路大眾捷運系統運輸業,— ,— ,— ,— 
2019,專案管理師(含經營管理顧問),鐵路大眾捷運系統運輸業,354,65783,63369,2414
2019,稽核人員,鐵路大眾捷運系統運輸業,24,65583,65390,193
2019,人力資源管理師,鐵路大眾捷運系統運輸業,75,61910,58433,3477
2019,廣告及行銷專業人員(含企劃),鐵路大眾捷運系統運輸業,197,61633,60786,847
2019,公關專業人員,鐵路大眾捷運系統運輸業,34,62863,58676,4187
2019,資訊系統分析及設計師,鐵路大眾捷運系統運輸業,61,63794,60911,2883
2019,軟體開發及程式設計師,鐵路大眾捷運系統運輸業,83,56779,54636,2143
2019,資料庫及網路專業人員,鐵路大眾捷運系統運輸業,296,72200,66927,5273
2019,律師及相關專業人員,鐵路大眾捷運系統運輸業,… ,… ,… ,… 
2019,技術員及助理專業人員,鐵路大眾捷運系統運輸業,3243,54949,50847,4102
2019,營建工程技術員(含建築、土木、景觀、測量、水利),鐵路大眾捷運系統運輸業,522,55964,53867,2097
2019,電機技術員,鐵路大眾捷運系統運輸業,917,53179,48648,4531
2019,電子技術員,鐵路大眾捷運系統運輸業,168,49788,45786,4002
2019,航空機械技術員,鐵路大眾捷運系統運輸業,— ,— ,— ,— 
2019,冷凍空調技術員,鐵路大眾捷運系統運輸業,— ,— ,— ,— 
2019,機械技術員(含造船、輪機、鑄造),鐵路大眾捷運系統運輸業,824,60845,53622,7223
2019,化工技術員,鐵路大眾捷運系統運輸業,— ,— ,— ,— 
2019,品管技術員,鐵路大眾捷運系統運輸業,… ,… ,… ,… 
2019,環境工程技術員,鐵路大眾捷運系統運輸業,… ,… ,… ,… 
2019,焚化爐、水處理及氣(液)體設備操作員,鐵路大眾捷運系統運輸業,— ,— ,— ,— 
2019,船舶監管人員(含引水人員),鐵路大眾捷運系統運輸業,— ,— ,— ,— 
2019,航空駕駛員,鐵路大眾捷運系統運輸業,— ,— ,— ,— 
2019,飛航管制員,鐵路大眾捷運系統運輸業,— ,— ,— ,— 
2019,勞安及衛生技術員,鐵路大眾捷運系統運輸業,105,41598,40357,1241
2019,會計人員,鐵路大眾捷運系統運輸業,67,52107,50667,1440
2019,統計及精算助理專業人員,鐵路大眾捷運系統運輸業,58,56955,56399,556
2019,工商業銷售代表(含業務員),鐵路大眾捷運系統運輸業,… ,… ,… ,… 
2019,採購員,鐵路大眾捷運系統運輸業,207,55648,54326,1322
2019,報關員(含報驗、船務人員),鐵路大眾捷運系統運輸業,— ,— ,— ,— 
2019,會議及活動規劃人員,鐵路大眾捷運系統運輸業,13,56757,46088,10669
2019,不動產經紀人,鐵路大眾捷運系統運輸業,… ,… ,… ,… 
2019,專業秘書,鐵路大眾捷運系統運輸業,26,67199,65456,1743
2019,法務人員,鐵路大眾捷運系統運輸業,52,56050,55028,1022
2019,資訊管理及維護技術員,鐵路大眾捷運系統運輸業,82,53794,48866,4928
2019,電信技術員,鐵路大眾捷運系統運輸業,… ,… ,… ,… 
2019,事務支援人員,鐵路大眾捷運系統運輸業,4828,47208,42652,4556
2019,總務,鐵路大眾捷運系統運輸業,321,44124,42924,1200
2019,一般辦公室事務人員(含文書),鐵路大眾捷運系統運輸業,881,36925,35595,1330
2019,資料輸入人員,鐵路大眾捷運系統運輸業,… ,… ,… ,… 
2019,銀行、郵局櫃台事務人員,鐵路大眾捷運系統運輸業,— ,— ,— ,— 
2019,收帳、收費人員(含帳款催收),鐵路大眾捷運系統運輸業,… ,… ,… ,… 
2019,旅遊諮詢人員(含旅行社事務人員),鐵路大眾捷運系統運輸業,— ,— ,— ,— 
2019,接待員及服務台事務人員,鐵路大眾捷運系統運輸業,91,37738,35753,1985
2019,總機人員,鐵路大眾捷運系統運輸業,… ,… ,… ,… 
2019,電話及網路客服人員,鐵路大眾捷運系統運輸業,67,38201,35772,2429
2019,會計助理、簿記、出納,鐵路大眾捷運系統運輸業,222,47632,46817,815
2019,統計、財務、證券及保險事務人員,鐵路大眾捷運系統運輸業,… ,… ,… ,… 
2019,存貨事務人員,鐵路大眾捷運系統運輸業,172,47938,45668,2270
2019,生產及物料規劃事務人員,鐵路大眾捷運系統運輸業,39,45951,43249,2702
2019,運輸事務人員(含稽查、調度、管理、航務),鐵路大眾捷運系統運輸業,2662,51970,44768,7202
2019,人事事務人員,鐵路大眾捷運系統運輸業,325,43806,43179,627
2019,郵件處理及投遞人員,鐵路大眾捷運系統運輸業,— ,— ,— ,— 
2019,服務及銷售工作人員,鐵路大眾捷運系統運輸業,4361,51044,41465,9579
2019,隨車、船、飛機服務人員(含空服員),鐵路大眾捷運系統運輸業,1458,55874,42874,13000
2019,廚師,鐵路大眾捷運系統運輸業,— ,— ,— ,— 
2019,按摩師,鐵路大眾捷運系統運輸業,… ,… ,… ,… 
2019,商店銷售人員(含百貨公司樓管人員),鐵路大眾捷運系統運輸業,… ,… ,… ,… 
2019,收銀員及售票員,鐵路大眾捷運系統運輸業,2893,48672,40792,7880
2019,加油站服務員,鐵路大眾捷運系統運輸業,— ,— ,— ,— 
2019,消防人員,鐵路大眾捷運系統運輸業,— ,— ,— ,— 
2019,建築物管理員、保全及警衛人員,鐵路大眾捷運系統運輸業,… ,… ,… ,… 
2019,技藝、機械設備操作及組裝人員,鐵路大眾捷運系統運輸業,10499,51370,43400,7970
2019,營建木作人員,鐵路大眾捷運系統運輸業,… ,… ,… ,… 
2019,其他營建構造人員(含鷹架工),鐵路大眾捷運系統運輸業,… ,… ,… ,… 
2019,管道裝設人員(含檢修),鐵路大眾捷運系統運輸業,— ,— ,— ,— 
2019,焊接及切割人員(含電焊工、氣焊工),鐵路大眾捷運系統運輸業,… ,… ,… ,… 
2019,板金人員,鐵路大眾捷運系統運輸業,… ,… ,… ,… 
2019,金屬工具機設定及操作人員,鐵路大眾捷運系統運輸業,… ,… ,… ,… 
2019,車輛維修人員(含自行車、機車、汽車、火車),鐵路大眾捷運系統運輸業,3473,46487,42232,4255
2019,航空器維修人員,鐵路大眾捷運系統運輸業,— ,— ,— ,— 
2019,產業用機器維修人員,鐵路大眾捷運系統運輸業,— ,— ,— ,— 
2019,印刷人員,鐵路大眾捷運系統運輸業,… ,… ,… ,… 
2019,裝訂及有關工作人員,鐵路大眾捷運系統運輸業,… ,… ,… ,… 
2019,建築物電力系統裝修人員(含水電工),鐵路大眾捷運系統運輸業,183,56681,48849,7832
2019,電力機械裝修人員,鐵路大眾捷運系統運輸業,601,48287,43400,4887
2019,電力線路裝修人員,鐵路大眾捷運系統運輸業,286,43505,39907,3598
2019,資(通)訊設備裝修人員(含電信、電話),鐵路大眾捷運系統運輸業,57,40959,38491,2468
2019,電子設備裝修人員（不含資通訊設備）,鐵路大眾捷運系統運輸業,529,46675,41958,4717
2019,潛水人員,鐵路大眾捷運系統運輸業,— ,— ,— ,— 
2019,金屬製造設備操作員(含熔煉、鑄造、輾軋、熱處理、抽製及擠型等),鐵路大眾捷運系統運輸業,— ,— ,— ,— 
2019,蒸汽引擎及鍋爐操作人員,鐵路大眾捷運系統運輸業,— ,— ,— ,— 
2019,軌道車輛駕駛人員,鐵路大眾捷運系統運輸業,2780,64836,46283,18553
2019,軌道制動器、號誌及轉轍器操作員,鐵路大眾捷運系統運輸業,2406,46130,42360,3770
2019,機車送件駕駛人員,鐵路大眾捷運系統運輸業,— ,— ,— ,— 
2019,小客、貨車駕駛人員,鐵路大眾捷運系統運輸業,23,49193,44500,4693
2019,大客、貨車駕駛人員,鐵路大眾捷運系統運輸業,— ,— ,— ,— 
2019,推土、吊車、起重機等移運設備操作人員,鐵路大眾捷運系統運輸業,… ,… ,… ,… 
2019,船舶艙面水手及有關工作人員,鐵路大眾捷運系統運輸業,— ,— ,— ,— 
2019,基層技術工及勞力工,鐵路大眾捷運系統運輸業,907,46313,38225,8088
2019,清潔及家事工作人員(含建築清潔工),鐵路大眾捷運系統運輸業,… ,… ,… ,… 
2019,勞力工,鐵路大眾捷運系統運輸業,… ,… ,… ,… 
2019,理貨員,鐵路大眾捷運系統運輸業,— ,— ,— ,— 
2019,廚房幫工(含速食烹調),鐵路大眾捷運系統運輸業,… ,… ,… ,… 
2019,收票員、引座員,鐵路大眾捷運系統運輸業,… ,… ,… ,… 
2019,停車場管理工,鐵路大眾捷運系統運輸業,— ,— ,— ,— 
2019,主管及監督人員,公共汽車客運業,991,56592,54317,2275
2019,高階主管(總經理及總執行長),公共汽車客運業,60,119937,117767,2170
2019,中階主管(經理),公共汽車客運業,132,71075,69111,1964
2019,監督人員(含現場及辦公室主任、科/股長),公共汽車客運業,799,49443,47108,2335
2019,專業人員,公共汽車客運業,54,44695,43873,822
2019,品管工程師,公共汽車客運業,— ,— ,— ,— 
2019,土木及水利工程師,公共汽車客運業,— ,— ,— ,— 
2019,環境工程師,公共汽車客運業,— ,— ,— ,— 
2019,航空機械工程師,公共汽車客運業,— ,— ,— ,— 
2019,機械工程師(含造船、輪機、鑄造),公共汽車客運業,— ,— ,— ,— 
2019,化工工程師,公共汽車客運業,— ,— ,— ,— 
2019,電機工程師,公共汽車客運業,— ,— ,— ,— 
2019,電子工程師,公共汽車客運業,— ,— ,— ,— 
2019,電信工程師,公共汽車客運業,— ,— ,— ,— 
2019,建築工程師(含建築師),公共汽車客運業,— ,— ,— ,— 
2019,護理人員,公共汽車客運業,… ,… ,… ,… 
2019,勞安及衛生管理人員(含工業安全管理師),公共汽車客運業,9,61050,59026,2024
2019,會(審)計師(含會計稽核),公共汽車客運業,— ,— ,— ,— 
2019,財務、經濟及投資分析研究人員,公共汽車客運業,— ,— ,— ,— 
2019,專案管理師(含經營管理顧問),公共汽車客運業,— ,— ,— ,— 
2019,稽核人員,公共汽車客運業,— ,— ,— ,— 
2019,人力資源管理師,公共汽車客運業,— ,— ,— ,— 
2019,廣告及行銷專業人員(含企劃),公共汽車客運業,15,36716,35924,792
2019,公關專業人員,公共汽車客運業,6,32134,32134,— 
2019,資訊系統分析及設計師,公共汽車客運業,13,49989,49287,702
2019,軟體開發及程式設計師,公共汽車客運業,— ,— ,— ,— 
2019,資料庫及網路專業人員,公共汽車客運業,7,47774,47469,305
2019,律師及相關專業人員,公共汽車客運業,— ,— ,— ,— 
2019,技術員及助理專業人員,公共汽車客運業,129,38699,37131,1568
2019,營建工程技術員(含建築、土木、景觀、測量、水利),公共汽車客運業,… ,… ,… ,… 
2019,電機技術員,公共汽車客運業,— ,— ,— ,— 
2019,電子技術員,公共汽車客運業,— ,— ,— ,— 
2019,航空機械技術員,公共汽車客運業,— ,— ,— ,— 
2019,冷凍空調技術員,公共汽車客運業,— ,— ,— ,— 
2019,機械技術員(含造船、輪機、鑄造),公共汽車客運業,… ,… ,… ,… 
2019,化工技術員,公共汽車客運業,— ,— ,— ,— 
2019,品管技術員,公共汽車客運業,— ,— ,— ,— 
2019,環境工程技術員,公共汽車客運業,— ,— ,— ,— 
2019,焚化爐、水處理及氣(液)體設備操作員,公共汽車客運業,— ,— ,— ,— 
2019,船舶監管人員(含引水人員),公共汽車客運業,… ,… ,… ,… 
2019,航空駕駛員,公共汽車客運業,— ,— ,— ,— 
2019,飛航管制員,公共汽車客運業,— ,— ,— ,— 
2019,勞安及衛生技術員,公共汽車客運業,9,33101,30093,3008
2019,會計人員,公共汽車客運業,… ,… ,… ,… 
2019,統計及精算助理專業人員,公共汽車客運業,— ,— ,— ,— 
2019,工商業銷售代表(含業務員),公共汽車客運業,… ,… ,… ,… 
2019,採購員,公共汽車客運業,25,46170,42491,3679
2019,報關員(含報驗、船務人員),公共汽車客運業,— ,— ,— ,— 
2019,會議及活動規劃人員,公共汽車客運業,— ,— ,— ,— 
2019,不動產經紀人,公共汽車客運業,— ,— ,— ,— 
2019,專業秘書,公共汽車客運業,6,46004,39096,6908
2019,法務人員,公共汽車客運業,15,36446,35889,557
2019,資訊管理及維護技術員,公共汽車客運業,57,33764,33680,84
2019,電信技術員,公共汽車客運業,— ,— ,— ,— 
2019,事務支援人員,公共汽車客運業,3177,34795,32530,2265
2019,總務,公共汽車客運業,87,35019,34128,891
2019,一般辦公室事務人員(含文書),公共汽車客運業,729,32095,30917,1178
2019,資料輸入人員,公共汽車客運業,62,25910,25244,666
2019,銀行、郵局櫃台事務人員,公共汽車客運業,— ,— ,— ,— 
2019,收帳、收費人員(含帳款催收),公共汽車客運業,13,35587,32695,2892
2019,旅遊諮詢人員(含旅行社事務人員),公共汽車客運業,8,29876,27651,2225
2019,接待員及服務台事務人員,公共汽車客運業,11,30810,30810,— 
2019,總機人員,公共汽車客運業,24,27296,26467,829
2019,電話及網路客服人員,公共汽車客運業,51,26790,25774,1016
2019,會計助理、簿記、出納,公共汽車客運業,147,32626,32227,399
2019,統計、財務、證券及保險事務人員,公共汽車客運業,— ,— ,— ,— 
2019,存貨事務人員,公共汽車客運業,39,33456,32095,1361
2019,生產及物料規劃事務人員,公共汽車客運業,— ,— ,— ,— 
2019,運輸事務人員(含稽查、調度、管理、航務),公共汽車客運業,1893,36707,33656,3051
2019,人事事務人員,公共汽車客運業,113,33997,32211,1786
2019,郵件處理及投遞人員,公共汽車客運業,— ,— ,— ,— 
2019,服務及銷售工作人員,公共汽車客運業,694,29190,26230,2960
2019,隨車、船、飛機服務人員(含空服員),公共汽車客運業,17,29725,24858,4867
2019,廚師,公共汽車客運業,— ,— ,— ,— 
2019,按摩師,公共汽車客運業,— ,— ,— ,— 
2019,商店銷售人員(含百貨公司樓管人員),公共汽車客運業,— ,— ,— ,— 
2019,收銀員及售票員,公共汽車客運業,668,29159,26226,2933
2019,加油站服務員,公共汽車客運業,— ,— ,— ,— 
2019,消防人員,公共汽車客運業,— ,— ,— ,— 
2019,建築物管理員、保全及警衛人員,公共汽車客運業,9,30436,29128,1308
2019,技藝、機械設備操作及組裝人員,公共汽車客運業,18021,53472,45589,7883
2019,營建木作人員,公共汽車客運業,— ,— ,— ,— 
2019,其他營建構造人員(含鷹架工),公共汽車客運業,— ,— ,— ,— 
2019,管道裝設人員(含檢修),公共汽車客運業,— ,— ,— ,— 
2019,焊接及切割人員(含電焊工、氣焊工),公共汽車客運業,— ,— ,— ,— 
2019,板金人員,公共汽車客運業,— ,— ,— ,— 
2019,金屬工具機設定及操作人員,公共汽車客運業,— ,— ,— ,— 
2019,車輛維修人員(含自行車、機車、汽車、火車),公共汽車客運業,1103,42841,40332,2509
2019,航空器維修人員,公共汽車客運業,— ,— ,— ,— 
2019,產業用機器維修人員,公共汽車客運業,— ,— ,— ,— 
2019,印刷人員,公共汽車客運業,— ,— ,— ,— 
2019,裝訂及有關工作人員,公共汽車客運業,— ,— ,— ,— 
2019,建築物電力系統裝修人員(含水電工),公共汽車客運業,— ,— ,— ,— 
2019,電力機械裝修人員,公共汽車客運業,10,35916,35916,— 
2019,電力線路裝修人員,公共汽車客運業,— ,— ,— ,— 
2019,資(通)訊設備裝修人員(含電信、電話),公共汽車客運業,— ,— ,— ,— 
2019,電子設備裝修人員（不含資通訊設備）,公共汽車客運業,53,26274,26274,— 
2019,潛水人員,公共汽車客運業,— ,— ,— ,— 
2019,金屬製造設備操作員(含熔煉、鑄造、輾軋、熱處理、抽製及擠型等),公共汽車客運業,— ,— ,— ,— 
2019,蒸汽引擎及鍋爐操作人員,公共汽車客運業,— ,— ,— ,— 
2019,軌道車輛駕駛人員,公共汽車客運業,— ,— ,— ,— 
2019,軌道制動器、號誌及轉轍器操作員,公共汽車客運業,— ,— ,— ,— 
2019,機車送件駕駛人員,公共汽車客運業,— ,— ,— ,— 
2019,小客、貨車駕駛人員,公共汽車客運業,112,34968,31362,3606
2019,大客、貨車駕駛人員,公共汽車客運業,16716,54411,46110,8301
2019,推土、吊車、起重機等移運設備操作人員,公共汽車客運業,… ,… ,… ,… 
2019,船舶艙面水手及有關工作人員,公共汽車客運業,… ,… ,… ,… 
2019,基層技術工及勞力工,公共汽車客運業,329,26406,25795,611
2019,清潔及家事工作人員(含建築清潔工),公共汽車客運業,240,25914,25736,178
2019,勞力工,公共汽車客運業,67,27752,26536,1216
2019,理貨員,公共汽車客運業,— ,— ,— ,— 
2019,廚房幫工(含速食烹調),公共汽車客運業,— ,— ,— ,— 
2019,收票員、引座員,公共汽車客運業,— ,— ,— ,— 
2019,停車場管理工,公共汽車客運業,22,27661,24173,3488
2019,主管及監督人員,其他汽車客運業,772,37467,35868,1599
2019,高階主管(總經理及總執行長),其他汽車客運業,35,58566,58566,— 
2019,中階主管(經理),其他汽車客運業,176,51696,45414,6282
2019,監督人員(含現場及辦公室主任、科/股長),其他汽車客運業,561,31688,31458,230
2019,專業人員,其他汽車客運業,— ,— ,— ,— 
2019,品管工程師,其他汽車客運業,— ,— ,— ,— 
2019,土木及水利工程師,其他汽車客運業,— ,— ,— ,— 
2019,環境工程師,其他汽車客運業,— ,— ,— ,— 
2019,航空機械工程師,其他汽車客運業,— ,— ,— ,— 
2019,機械工程師(含造船、輪機、鑄造),其他汽車客運業,— ,— ,— ,— 
2019,化工工程師,其他汽車客運業,— ,— ,— ,— 
2019,電機工程師,其他汽車客運業,— ,— ,— ,— 
2019,電子工程師,其他汽車客運業,— ,— ,— ,— 
2019,電信工程師,其他汽車客運業,— ,— ,— ,— 
2019,建築工程師(含建築師),其他汽車客運業,— ,— ,— ,— 
2019,護理人員,其他汽車客運業,— ,— ,— ,— 
2019,勞安及衛生管理人員(含工業安全管理師),其他汽車客運業,— ,— ,— ,— 
2019,會(審)計師(含會計稽核),其他汽車客運業,— ,— ,— ,— 
2019,財務、經濟及投資分析研究人員,其他汽車客運業,— ,— ,— ,— 
2019,專案管理師(含經營管理顧問),其他汽車客運業,— ,— ,— ,— 
2019,稽核人員,其他汽車客運業,— ,— ,— ,— 
2019,人力資源管理師,其他汽車客運業,— ,— ,— ,— 
2019,廣告及行銷專業人員(含企劃),其他汽車客運業,— ,— ,— ,— 
2019,公關專業人員,其他汽車客運業,— ,— ,— ,— 
2019,資訊系統分析及設計師,其他汽車客運業,— ,— ,— ,— 
2019,軟體開發及程式設計師,其他汽車客運業,— ,— ,— ,— 
2019,資料庫及網路專業人員,其他汽車客運業,— ,— ,— ,— 
2019,律師及相關專業人員,其他汽車客運業,— ,— ,— ,— 
2019,技術員及助理專業人員,其他汽車客運業,— ,— ,— ,— 
2019,營建工程技術員(含建築、土木、景觀、測量、水利),其他汽車客運業,— ,— ,— ,— 
2019,電機技術員,其他汽車客運業,— ,— ,— ,— 
2019,電子技術員,其他汽車客運業,— ,— ,— ,— 
2019,航空機械技術員,其他汽車客運業,— ,— ,— ,— 
2019,冷凍空調技術員,其他汽車客運業,— ,— ,— ,— 
2019,機械技術員(含造船、輪機、鑄造),其他汽車客運業,— ,— ,— ,— 
2019,化工技術員,其他汽車客運業,— ,— ,— ,— 
2019,品管技術員,其他汽車客運業,— ,— ,— ,— 
2019,環境工程技術員,其他汽車客運業,— ,— ,— ,— 
2019,焚化爐、水處理及氣(液)體設備操作員,其他汽車客運業,— ,— ,— ,— 
2019,船舶監管人員(含引水人員),其他汽車客運業,— ,— ,— ,— 
2019,航空駕駛員,其他汽車客運業,— ,— ,— ,— 
2019,飛航管制員,其他汽車客運業,— ,— ,— ,— 
2019,勞安及衛生技術員,其他汽車客運業,— ,— ,— ,— 
2019,會計人員,其他汽車客運業,— ,— ,— ,— 
2019,統計及精算助理專業人員,其他汽車客運業,— ,— ,— ,— 
2019,工商業銷售代表(含業務員),其他汽車客運業,— ,— ,— ,— 
2019,採購員,其他汽車客運業,— ,— ,— ,— 
2019,報關員(含報驗、船務人員),其他汽車客運業,— ,— ,— ,— 
2019,會議及活動規劃人員,其他汽車客運業,— ,— ,— ,— 
2019,不動產經紀人,其他汽車客運業,— ,— ,— ,— 
2019,專業秘書,其他汽車客運業,— ,— ,— ,— 
2019,法務人員,其他汽車客運業,— ,— ,— ,— 
2019,資訊管理及維護技術員,其他汽車客運業,— ,— ,— ,— 
2019,電信技術員,其他汽車客運業,— ,— ,— ,— 
2019,事務支援人員,其他汽車客運業,1318,25669,25581,88
2019,總務,其他汽車客運業,184,23666,23666,— 
2019,一般辦公室事務人員(含文書),其他汽車客運業,495,25136,25136,— 
2019,資料輸入人員,其他汽車客運業,— ,— ,— ,— 
2019,銀行、郵局櫃台事務人員,其他汽車客運業,— ,— ,— ,— 
2019,收帳、收費人員(含帳款催收),其他汽車客運業,— ,— ,— ,— 
2019,旅遊諮詢人員(含旅行社事務人員),其他汽車客運業,— ,— ,— ,— 
2019,接待員及服務台事務人員,其他汽車客運業,77,24075,24075,— 
2019,總機人員,其他汽車客運業,— ,— ,— ,— 
2019,電話及網路客服人員,其他汽車客運業,… ,… ,… ,… 
2019,會計助理、簿記、出納,其他汽車客運業,241,23735,23608,127
2019,統計、財務、證券及保險事務人員,其他汽車客運業,— ,— ,— ,— 
2019,存貨事務人員,其他汽車客運業,— ,— ,— ,— 
2019,生產及物料規劃事務人員,其他汽車客運業,— ,— ,— ,— 
2019,運輸事務人員(含稽查、調度、管理、航務),其他汽車客運業,236,28182,27819,363
2019,人事事務人員,其他汽車客運業,58,34097,34097,— 
2019,郵件處理及投遞人員,其他汽車客運業,— ,— ,— ,— 
2019,服務及銷售工作人員,其他汽車客運業,— ,— ,— ,— 
2019,隨車、船、飛機服務人員(含空服員),其他汽車客運業,— ,— ,— ,— 
2019,廚師,其他汽車客運業,— ,— ,— ,— 
2019,按摩師,其他汽車客運業,— ,— ,— ,— 
2019,商店銷售人員(含百貨公司樓管人員),其他汽車客運業,— ,— ,— ,— 
2019,收銀員及售票員,其他汽車客運業,— ,— ,— ,— 
2019,加油站服務員,其他汽車客運業,— ,— ,— ,— 
2019,消防人員,其他汽車客運業,— ,— ,— ,— 
2019,建築物管理員、保全及警衛人員,其他汽車客運業,— ,— ,— ,— 
2019,技藝、機械設備操作及組裝人員,其他汽車客運業,9492,29239,28544,695
2019,營建木作人員,其他汽車客運業,— ,— ,— ,— 
2019,其他營建構造人員(含鷹架工),其他汽車客運業,— ,— ,— ,— 
2019,管道裝設人員(含檢修),其他汽車客運業,— ,— ,— ,— 
2019,焊接及切割人員(含電焊工、氣焊工),其他汽車客運業,— ,— ,— ,— 
2019,板金人員,其他汽車客運業,— ,— ,— ,— 
2019,金屬工具機設定及操作人員,其他汽車客運業,— ,— ,— ,— 
2019,車輛維修人員(含自行車、機車、汽車、火車),其他汽車客運業,46,37367,37367,— 
2019,航空器維修人員,其他汽車客運業,— ,— ,— ,— 
2019,產業用機器維修人員,其他汽車客運業,— ,— ,— ,— 
2019,印刷人員,其他汽車客運業,— ,— ,— ,— 
2019,裝訂及有關工作人員,其他汽車客運業,— ,— ,— ,— 
2019,建築物電力系統裝修人員(含水電工),其他汽車客運業,— ,— ,— ,— 
2019,電力機械裝修人員,其他汽車客運業,— ,— ,— ,— 
2019,電力線路裝修人員,其他汽車客運業,— ,— ,— ,— 
2019,資(通)訊設備裝修人員(含電信、電話),其他汽車客運業,— ,— ,— ,— 
2019,電子設備裝修人員（不含資通訊設備）,其他汽車客運業,— ,— ,— ,— 
2019,潛水人員,其他汽車客運業,— ,— ,— ,— 
2019,金屬製造設備操作員(含熔煉、鑄造、輾軋、熱處理、抽製及擠型等),其他汽車客運業,— ,— ,— ,— 
2019,蒸汽引擎及鍋爐操作人員,其他汽車客運業,— ,— ,— ,— 
2019,軌道車輛駕駛人員,其他汽車客運業,— ,— ,— ,— 
2019,軌道制動器、號誌及轉轍器操作員,其他汽車客運業,— ,— ,— ,— 
2019,機車送件駕駛人員,其他汽車客運業,— ,— ,— ,— 
2019,小客、貨車駕駛人員,其他汽車客運業,747,23906,22556,1350
2019,大客、貨車駕駛人員,其他汽車客運業,8699,29655,29012,643
2019,推土、吊車、起重機等移運設備操作人員,其他汽車客運業,— ,— ,— ,— 
2019,船舶艙面水手及有關工作人員,其他汽車客運業,— ,— ,— ,— 
2019,基層技術工及勞力工,其他汽車客運業,… ,… ,… ,… 
2019,清潔及家事工作人員(含建築清潔工),其他汽車客運業,… ,… ,… ,… 
2019,勞力工,其他汽車客運業,— ,— ,— ,— 
2019,理貨員,其他汽車客運業,— ,— ,— ,— 
2019,廚房幫工(含速食烹調),其他汽車客運業,— ,— ,— ,— 
2019,收票員、引座員,其他汽車客運業,— ,— ,— ,— 
2019,停車場管理工,其他汽車客運業,… ,… ,… ,… 
2019,主管及監督人員,汽車貨運業,5706,51578,49836,1742
2019,高階主管(總經理及總執行長),汽車貨運業,205,109496,108805,691
2019,中階主管(經理),汽車貨運業,1137,66433,64044,2389
2019,監督人員(含現場及辦公室主任、科/股長),汽車貨運業,4364,44987,43364,1623
2019,專業人員,汽車貨運業,696,51147,50195,952
2019,品管工程師,汽車貨運業,— ,— ,— ,— 
2019,土木及水利工程師,汽車貨運業,— ,— ,— ,— 
2019,環境工程師,汽車貨運業,— ,— ,— ,— 
2019,航空機械工程師,汽車貨運業,— ,— ,— ,— 
2019,機械工程師(含造船、輪機、鑄造),汽車貨運業,… ,… ,… ,… 
2019,化工工程師,汽車貨運業,— ,— ,— ,— 
2019,電機工程師,汽車貨運業,— ,— ,— ,— 
2019,電子工程師,汽車貨運業,— ,— ,— ,— 
2019,電信工程師,汽車貨運業,— ,— ,— ,— 
2019,建築工程師(含建築師),汽車貨運業,— ,— ,— ,— 
2019,護理人員,汽車貨運業,50,46648,46185,463
2019,勞安及衛生管理人員(含工業安全管理師),汽車貨運業,34,47018,46252,766
2019,會(審)計師(含會計稽核),汽車貨運業,— ,— ,— ,— 
2019,財務、經濟及投資分析研究人員,汽車貨運業,— ,— ,— ,— 
2019,專案管理師(含經營管理顧問),汽車貨運業,— ,— ,— ,— 
2019,稽核人員,汽車貨運業,64,57776,54237,3539
2019,人力資源管理師,汽車貨運業,117,52047,50259,1788
2019,廣告及行銷專業人員(含企劃),汽車貨運業,… ,… ,… ,… 
2019,公關專業人員,汽車貨運業,— ,— ,— ,— 
2019,資訊系統分析及設計師,汽車貨運業,83,43668,42782,886
2019,軟體開發及程式設計師,汽車貨運業,280,53115,52782,333
2019,資料庫及網路專業人員,汽車貨運業,28,41537,41537,— 
2019,律師及相關專業人員,汽車貨運業,— ,— ,— ,— 
2019,技術員及助理專業人員,汽車貨運業,618,33290,31795,1495
2019,營建工程技術員(含建築、土木、景觀、測量、水利),汽車貨運業,— ,— ,— ,— 
2019,電機技術員,汽車貨運業,— ,— ,— ,— 
2019,電子技術員,汽車貨運業,— ,— ,— ,— 
2019,航空機械技術員,汽車貨運業,— ,— ,— ,— 
2019,冷凍空調技術員,汽車貨運業,— ,— ,— ,— 
2019,機械技術員(含造船、輪機、鑄造),汽車貨運業,— ,— ,— ,— 
2019,化工技術員,汽車貨運業,— ,— ,— ,— 
2019,品管技術員,汽車貨運業,— ,— ,— ,— 
2019,環境工程技術員,汽車貨運業,— ,— ,— ,— 
2019,焚化爐、水處理及氣(液)體設備操作員,汽車貨運業,— ,— ,— ,— 
2019,船舶監管人員(含引水人員),汽車貨運業,— ,— ,— ,— 
2019,航空駕駛員,汽車貨運業,— ,— ,— ,— 
2019,飛航管制員,汽車貨運業,— ,— ,— ,— 
2019,勞安及衛生技術員,汽車貨運業,28,35714,33818,1896
2019,會計人員,汽車貨運業,24,45109,42894,2215
2019,統計及精算助理專業人員,汽車貨運業,— ,— ,— ,— 
2019,工商業銷售代表(含業務員),汽車貨運業,321,32350,31675,675
2019,採購員,汽車貨運業,… ,… ,… ,… 
2019,報關員(含報驗、船務人員),汽車貨運業,157,31356,27879,3477
2019,會議及活動規劃人員,汽車貨運業,— ,— ,— ,— 
2019,不動產經紀人,汽車貨運業,— ,— ,— ,— 
2019,專業秘書,汽車貨運業,25,39169,37797,1372
2019,法務人員,汽車貨運業,9,47682,47682,— 
2019,資訊管理及維護技術員,汽車貨運業,46,33431,32973,458
2019,電信技術員,汽車貨運業,— ,— ,— ,— 
2019,事務支援人員,汽車貨運業,17790,26971,26078,893
2019,總務,汽車貨運業,697,29217,28348,869
2019,一般辦公室事務人員(含文書),汽車貨運業,7269,26339,25721,618
2019,資料輸入人員,汽車貨運業,595,26849,25516,1333
2019,銀行、郵局櫃台事務人員,汽車貨運業,— ,— ,— ,— 
2019,收帳、收費人員(含帳款催收),汽車貨運業,141,26619,25655,964
2019,旅遊諮詢人員(含旅行社事務人員),汽車貨運業,— ,— ,— ,— 
2019,接待員及服務台事務人員,汽車貨運業,108,27049,27049,— 
2019,總機人員,汽車貨運業,95,24841,24786,55
2019,電話及網路客服人員,汽車貨運業,562,26152,25913,239
2019,會計助理、簿記、出納,汽車貨運業,3597,24171,23690,481
2019,統計、財務、證券及保險事務人員,汽車貨運業,— ,— ,— ,— 
2019,存貨事務人員,汽車貨運業,601,31975,30194,1781
2019,生產及物料規劃事務人員,汽車貨運業,— ,— ,— ,— 
2019,運輸事務人員(含稽查、調度、管理、航務),汽車貨運業,3879,29864,28138,1726
2019,人事事務人員,汽車貨運業,246,25503,24612,891
2019,郵件處理及投遞人員,汽車貨運業,— ,— ,— ,— 
2019,服務及銷售工作人員,汽車貨運業,66,28346,27563,783
2019,隨車、船、飛機服務人員(含空服員),汽車貨運業,— ,— ,— ,— 
2019,廚師,汽車貨運業,— ,— ,— ,— 
2019,按摩師,汽車貨運業,— ,— ,— ,— 
2019,商店銷售人員(含百貨公司樓管人員),汽車貨運業,— ,— ,— ,— 
2019,收銀員及售票員,汽車貨運業,— ,— ,— ,— 
2019,加油站服務員,汽車貨運業,… ,… ,… ,… 
2019,消防人員,汽車貨運業,— ,— ,— ,— 
2019,建築物管理員、保全及警衛人員,汽車貨運業,58,26934,26934,— 
2019,技藝、機械設備操作及組裝人員,汽車貨運業,43281,35665,32715,2950
2019,營建木作人員,汽車貨運業,— ,— ,— ,— 
2019,其他營建構造人員(含鷹架工),汽車貨運業,— ,— ,— ,— 
2019,管道裝設人員(含檢修),汽車貨運業,— ,— ,— ,— 
2019,焊接及切割人員(含電焊工、氣焊工),汽車貨運業,— ,— ,— ,— 
2019,板金人員,汽車貨運業,— ,— ,— ,— 
2019,金屬工具機設定及操作人員,汽車貨運業,— ,— ,— ,— 
2019,車輛維修人員(含自行車、機車、汽車、火車),汽車貨運業,830,45066,38352,6714
2019,航空器維修人員,汽車貨運業,— ,— ,— ,— 
2019,產業用機器維修人員,汽車貨運業,— ,— ,— ,— 
2019,印刷人員,汽車貨運業,— ,— ,— ,— 
2019,裝訂及有關工作人員,汽車貨運業,— ,— ,— ,— 
2019,建築物電力系統裝修人員(含水電工),汽車貨運業,— ,— ,— ,— 
2019,電力機械裝修人員,汽車貨運業,— ,— ,— ,— 
2019,電力線路裝修人員,汽車貨運業,— ,— ,— ,— 
2019,資(通)訊設備裝修人員(含電信、電話),汽車貨運業,— ,— ,— ,— 
2019,電子設備裝修人員（不含資通訊設備）,汽車貨運業,— ,— ,— ,— 
2019,潛水人員,汽車貨運業,— ,— ,— ,— 
2019,金屬製造設備操作員(含熔煉、鑄造、輾軋、熱處理、抽製及擠型等),汽車貨運業,— ,— ,— ,— 
2019,蒸汽引擎及鍋爐操作人員,汽車貨運業,— ,— ,— ,— 
2019,軌道車輛駕駛人員,汽車貨運業,— ,— ,— ,— 
2019,軌道制動器、號誌及轉轍器操作員,汽車貨運業,— ,— ,— ,— 
2019,機車送件駕駛人員,汽車貨運業,2197,26618,24057,2561
2019,小客、貨車駕駛人員,汽車貨運業,12457,31590,30347,1243
2019,大客、貨車駕駛人員,汽車貨運業,27045,37898,34253,3645
2019,推土、吊車、起重機等移運設備操作人員,汽車貨運業,752,38928,35718,3210
2019,船舶艙面水手及有關工作人員,汽車貨運業,— ,— ,— ,— 
2019,基層技術工及勞力工,汽車貨運業,4568,30459,27309,3150
2019,清潔及家事工作人員(含建築清潔工),汽車貨運業,66,22867,22673,194
2019,勞力工,汽車貨運業,1190,22497,22261,236
2019,理貨員,汽車貨運業,3281,33557,29268,4289
2019,廚房幫工(含速食烹調),汽車貨運業,— ,— ,— ,— 
2019,收票員、引座員,汽車貨運業,— ,— ,— ,— 
2019,停車場管理工,汽車貨運業,31,24475,23678,797
2019,主管及監督人員,海洋水運業,1387,134658,131431,3227
2019,高階主管(總經理及總執行長),海洋水運業,113,248066,235265,12801
2019,中階主管(經理),海洋水運業,498,148460,144842,3618
2019,監督人員(含現場及辦公室主任、科/股長),海洋水運業,776,109287,107705,1582
2019,專業人員,海洋水運業,873,101394,95170,6224
2019,品管工程師,海洋水運業,— ,— ,— ,— 
2019,土木及水利工程師,海洋水運業,— ,— ,— ,— 
2019,環境工程師,海洋水運業,— ,— ,— ,— 
2019,航空機械工程師,海洋水運業,— ,— ,— ,— 
2019,機械工程師(含造船、輪機、鑄造),海洋水運業,351,130761,120306,10455
2019,化工工程師,海洋水運業,— ,— ,— ,— 
2019,電機工程師,海洋水運業,104,94631,84628,10003
2019,電子工程師,海洋水運業,— ,— ,— ,— 
2019,電信工程師,海洋水運業,— ,— ,— ,— 
2019,建築工程師(含建築師),海洋水運業,— ,— ,— ,— 
2019,護理人員,海洋水運業,6,58198,58198,— 
2019,勞安及衛生管理人員(含工業安全管理師),海洋水運業,18,64866,64590,276
2019,會(審)計師(含會計稽核),海洋水運業,— ,— ,— ,— 
2019,財務、經濟及投資分析研究人員,海洋水運業,… ,… ,… ,… 
2019,專案管理師(含經營管理顧問),海洋水運業,— ,— ,— ,— 
2019,稽核人員,海洋水運業,14,89468,80867,8601
2019,人力資源管理師,海洋水運業,38,74641,73996,645
2019,廣告及行銷專業人員(含企劃),海洋水運業,202,75500,73436,2064
2019,公關專業人員,海洋水運業,8,85254,85085,169
2019,資訊系統分析及設計師,海洋水運業,55,83724,83668,56
2019,軟體開發及程式設計師,海洋水運業,35,78751,76731,2020
2019,資料庫及網路專業人員,海洋水運業,37,94795,92675,2120
2019,律師及相關專業人員,海洋水運業,— ,— ,— ,— 
2019,技術員及助理專業人員,海洋水運業,1333,88505,83846,4659
2019,營建工程技術員(含建築、土木、景觀、測量、水利),海洋水運業,… ,… ,… ,… 
2019,電機技術員,海洋水運業,56,55342,51029,4313
2019,電子技術員,海洋水運業,— ,— ,— ,— 
2019,航空機械技術員,海洋水運業,— ,— ,— ,— 
2019,冷凍空調技術員,海洋水運業,— ,— ,— ,— 
2019,機械技術員(含造船、輪機、鑄造),海洋水運業,389,76695,67354,9341
2019,化工技術員,海洋水運業,— ,— ,— ,— 
2019,品管技術員,海洋水運業,— ,— ,— ,— 
2019,環境工程技術員,海洋水運業,— ,— ,— ,— 
2019,焚化爐、水處理及氣(液)體設備操作員,海洋水運業,— ,— ,— ,— 
2019,船舶監管人員(含引水人員),海洋水運業,371,140069,135580,4489
2019,航空駕駛員,海洋水運業,— ,— ,— ,— 
2019,飛航管制員,海洋水運業,— ,— ,— ,— 
2019,勞安及衛生技術員,海洋水運業,… ,… ,… ,… 
2019,會計人員,海洋水運業,200,64608,64227,381
2019,統計及精算助理專業人員,海洋水運業,— ,— ,— ,— 
2019,工商業銷售代表(含業務員),海洋水運業,176,67374,65082,2292
2019,採購員,海洋水運業,26,65822,63491,2331
2019,報關員(含報驗、船務人員),海洋水運業,20,51455,50782,673
2019,會議及活動規劃人員,海洋水運業,— ,— ,— ,— 
2019,不動產經紀人,海洋水運業,— ,— ,— ,— 
2019,專業秘書,海洋水運業,26,67672,64841,2831
2019,法務人員,海洋水運業,28,63255,62887,368
2019,資訊管理及維護技術員,海洋水運業,19,45069,43866,1203
2019,電信技術員,海洋水運業,— ,— ,— ,— 
2019,事務支援人員,海洋水運業,2702,60706,58607,2099
2019,總務,海洋水運業,91,56828,54892,1936
2019,一般辦公室事務人員(含文書),海洋水運業,228,58161,56103,2058
2019,資料輸入人員,海洋水運業,79,35835,35736,99
2019,銀行、郵局櫃台事務人員,海洋水運業,— ,— ,— ,— 
2019,收帳、收費人員(含帳款催收),海洋水運業,… ,… ,… ,… 
2019,旅遊諮詢人員(含旅行社事務人員),海洋水運業,— ,— ,— ,— 
2019,接待員及服務台事務人員,海洋水運業,50,46597,40631,5966
2019,總機人員,海洋水運業,… ,… ,… ,… 
2019,電話及網路客服人員,海洋水運業,22,70214,69828,386
2019,會計助理、簿記、出納,海洋水運業,290,41135,39511,1624
2019,統計、財務、證券及保險事務人員,海洋水運業,— ,— ,— ,— 
2019,存貨事務人員,海洋水運業,— ,— ,— ,— 
2019,生產及物料規劃事務人員,海洋水運業,— ,— ,— ,— 
2019,運輸事務人員(含稽查、調度、管理、航務),海洋水運業,1876,66209,64016,2193
2019,人事事務人員,海洋水運業,56,38767,36512,2255
2019,郵件處理及投遞人員,海洋水運業,— ,— ,— ,— 
2019,服務及銷售工作人員,海洋水運業,92,66252,61312,4940
2019,隨車、船、飛機服務人員(含空服員),海洋水運業,23,38981,29507,9474
2019,廚師,海洋水運業,47,97105,92635,4470
2019,按摩師,海洋水運業,— ,— ,— ,— 
2019,商店銷售人員(含百貨公司樓管人員),海洋水運業,— ,— ,— ,— 
2019,收銀員及售票員,海洋水運業,22,28849,27645,1204
2019,加油站服務員,海洋水運業,— ,— ,— ,— 
2019,消防人員,海洋水運業,— ,— ,— ,— 
2019,建築物管理員、保全及警衛人員,海洋水運業,— ,— ,— ,— 
2019,技藝、機械設備操作及組裝人員,海洋水運業,1040,74856,64688,10168
2019,營建木作人員,海洋水運業,— ,— ,— ,— 
2019,其他營建構造人員(含鷹架工),海洋水運業,— ,— ,— ,— 
2019,管道裝設人員(含檢修),海洋水運業,— ,— ,— ,— 
2019,焊接及切割人員(含電焊工、氣焊工),海洋水運業,— ,— ,— ,— 
2019,板金人員,海洋水運業,— ,— ,— ,— 
2019,金屬工具機設定及操作人員,海洋水運業,— ,— ,— ,— 
2019,車輛維修人員(含自行車、機車、汽車、火車),海洋水運業,… ,… ,… ,… 
2019,航空器維修人員,海洋水運業,— ,— ,— ,— 
2019,產業用機器維修人員,海洋水運業,— ,— ,— ,— 
2019,印刷人員,海洋水運業,— ,— ,— ,— 
2019,裝訂及有關工作人員,海洋水運業,— ,— ,— ,— 
2019,建築物電力系統裝修人員(含水電工),海洋水運業,— ,— ,— ,— 
2019,電力機械裝修人員,海洋水運業,23,40018,39601,417
2019,電力線路裝修人員,海洋水運業,… ,… ,… ,… 
2019,資(通)訊設備裝修人員(含電信、電話),海洋水運業,— ,— ,— ,— 
2019,電子設備裝修人員（不含資通訊設備）,海洋水運業,— ,— ,— ,— 
2019,潛水人員,海洋水運業,— ,— ,— ,— 
2019,金屬製造設備操作員(含熔煉、鑄造、輾軋、熱處理、抽製及擠型等),海洋水運業,— ,— ,— ,— 
2019,蒸汽引擎及鍋爐操作人員,海洋水運業,— ,— ,— ,— 
2019,軌道車輛駕駛人員,海洋水運業,— ,— ,— ,— 
2019,軌道制動器、號誌及轉轍器操作員,海洋水運業,… ,… ,… ,… 
2019,機車送件駕駛人員,海洋水運業,— ,— ,— ,— 
2019,小客、貨車駕駛人員,海洋水運業,11,78502,54621,23881
2019,大客、貨車駕駛人員,海洋水運業,— ,— ,— ,— 
2019,推土、吊車、起重機等移運設備操作人員,海洋水運業,46,70405,67966,2439
2019,船舶艙面水手及有關工作人員,海洋水運業,928,75778,65093,10685
2019,基層技術工及勞力工,海洋水運業,230,35843,35290,553
2019,清潔及家事工作人員(含建築清潔工),海洋水運業,… ,… ,… ,… 
2019,勞力工,海洋水運業,72,41151,40274,877
2019,理貨員,海洋水運業,92,36456,36352,104
2019,廚房幫工(含速食烹調),海洋水運業,— ,— ,— ,— 
2019,收票員、引座員,海洋水運業,— ,— ,— ,— 
2019,停車場管理工,海洋水運業,— ,— ,— ,— 
2019,主管及監督人員,航空運輸業,2732,95260,83149,12111
2019,高階主管(總經理及總執行長),航空運輸業,58,223589,191376,32213
2019,中階主管(經理),航空運輸業,373,150102,124763,25339
2019,監督人員(含現場及辦公室主任、科/股長),航空運輸業,2301,83135,73675,9460
2019,專業人員,航空運輸業,1584,71397,65218,6179
2019,品管工程師,航空運輸業,— ,— ,— ,— 
2019,土木及水利工程師,航空運輸業,— ,— ,— ,— 
2019,環境工程師,航空運輸業,— ,— ,— ,— 
2019,航空機械工程師,航空運輸業,83,117499,113007,4492
2019,機械工程師(含造船、輪機、鑄造),航空運輸業,— ,— ,— ,— 
2019,化工工程師,航空運輸業,— ,— ,— ,— 
2019,電機工程師,航空運輸業,— ,— ,— ,— 
2019,電子工程師,航空運輸業,— ,— ,— ,— 
2019,電信工程師,航空運輸業,— ,— ,— ,— 
2019,建築工程師(含建築師),航空運輸業,— ,— ,— ,— 
2019,護理人員,航空運輸業,22,83101,75222,7879
2019,勞安及衛生管理人員(含工業安全管理師),航空運輸業,… ,… ,… ,… 
2019,會(審)計師(含會計稽核),航空運輸業,— ,— ,— ,— 
2019,財務、經濟及投資分析研究人員,航空運輸業,— ,— ,— ,— 
2019,專案管理師(含經營管理顧問),航空運輸業,— ,— ,— ,— 
2019,稽核人員,航空運輸業,31,96641,89091,7550
2019,人力資源管理師,航空運輸業,189,67685,62427,5258
2019,廣告及行銷專業人員(含企劃),航空運輸業,429,64419,60043,4376
2019,公關專業人員,航空運輸業,58,67917,58662,9255
2019,資訊系統分析及設計師,航空運輸業,470,75712,67481,8231
2019,軟體開發及程式設計師,航空運輸業,… ,… ,… ,… 
2019,資料庫及網路專業人員,航空運輸業,53,68622,60861,7761
2019,律師及相關專業人員,航空運輸業,… ,… ,… ,… 
2019,技術員及助理專業人員,航空運輸業,4678,190674,169261,21413
2019,營建工程技術員(含建築、土木、景觀、測量、水利),航空運輸業,… ,… ,… ,… 
2019,電機技術員,航空運輸業,— ,— ,— ,— 
2019,電子技術員,航空運輸業,— ,— ,— ,— 
2019,航空機械技術員,航空運輸業,428,66889,59686,7203
2019,冷凍空調技術員,航空運輸業,— ,— ,— ,— 
2019,機械技術員(含造船、輪機、鑄造),航空運輸業,— ,— ,— ,— 
2019,化工技術員,航空運輸業,— ,— ,— ,— 
2019,品管技術員,航空運輸業,— ,— ,— ,— 
2019,環境工程技術員,航空運輸業,— ,— ,— ,— 
2019,焚化爐、水處理及氣(液)體設備操作員,航空運輸業,— ,— ,— ,— 
2019,船舶監管人員(含引水人員),航空運輸業,— ,— ,— ,— 
2019,航空駕駛員,航空運輸業,2884,267295,237870,29425
2019,飛航管制員,航空運輸業,— ,— ,— ,— 
2019,勞安及衛生技術員,航空運輸業,… ,… ,… ,… 
2019,會計人員,航空運輸業,330,61371,54986,6385
2019,統計及精算助理專業人員,航空運輸業,— ,— ,— ,— 
2019,工商業銷售代表(含業務員),航空運輸業,750,72401,61324,11077
2019,採購員,航空運輸業,195,59031,51925,7106
2019,報關員(含報驗、船務人員),航空運輸業,— ,— ,— ,— 
2019,會議及活動規劃人員,航空運輸業,— ,— ,— ,— 
2019,不動產經紀人,航空運輸業,— ,— ,— ,— 
2019,專業秘書,航空運輸業,58,76791,72036,4755
2019,法務人員,航空運輸業,… ,… ,… ,… 
2019,資訊管理及維護技術員,航空運輸業,— ,— ,— ,— 
2019,電信技術員,航空運輸業,— ,— ,— ,— 
2019,事務支援人員,航空運輸業,6487,55631,45859,9772
2019,總務,航空運輸業,86,59859,49166,10693
2019,一般辦公室事務人員(含文書),航空運輸業,431,53884,48964,4920
2019,資料輸入人員,航空運輸業,6,55168,53483,1685
2019,銀行、郵局櫃台事務人員,航空運輸業,— ,— ,— ,— 
2019,收帳、收費人員(含帳款催收),航空運輸業,— ,— ,— ,— 
2019,旅遊諮詢人員(含旅行社事務人員),航空運輸業,2509,54907,49783,5124
2019,接待員及服務台事務人員,航空運輸業,— ,— ,— ,— 
2019,總機人員,航空運輸業,… ,… ,… ,… 
2019,電話及網路客服人員,航空運輸業,476,56728,50797,5931
2019,會計助理、簿記、出納,航空運輸業,203,39402,34842,4560
2019,統計、財務、證券及保險事務人員,航空運輸業,— ,— ,— ,— 
2019,存貨事務人員,航空運輸業,57,61325,57177,4148
2019,生產及物料規劃事務人員,航空運輸業,— ,— ,— ,— 
2019,運輸事務人員(含稽查、調度、管理、航務),航空運輸業,2608,57772,41357,16415
2019,人事事務人員,航空運輸業,106,46706,40544,6162
2019,郵件處理及投遞人員,航空運輸業,— ,— ,— ,— 
2019,服務及銷售工作人員,航空運輸業,8151,69545,56955,12590
2019,隨車、船、飛機服務人員(含空服員),航空運輸業,8133,69581,56974,12607
2019,廚師,航空運輸業,… ,… ,… ,… 
2019,按摩師,航空運輸業,— ,— ,— ,— 
2019,商店銷售人員(含百貨公司樓管人員),航空運輸業,— ,— ,— ,— 
2019,收銀員及售票員,航空運輸業,— ,— ,— ,— 
2019,加油站服務員,航空運輸業,— ,— ,— ,— 
2019,消防人員,航空運輸業,— ,— ,— ,— 
2019,建築物管理員、保全及警衛人員,航空運輸業,… ,… ,… ,… 
2019,技藝、機械設備操作及組裝人員,航空運輸業,620,63960,58272,5688
2019,營建木作人員,航空運輸業,— ,— ,— ,— 
2019,其他營建構造人員(含鷹架工),航空運輸業,— ,— ,— ,— 
2019,管道裝設人員(含檢修),航空運輸業,— ,— ,— ,— 
2019,焊接及切割人員(含電焊工、氣焊工),航空運輸業,— ,— ,— ,— 
2019,板金人員,航空運輸業,— ,— ,— ,— 
2019,金屬工具機設定及操作人員,航空運輸業,— ,— ,— ,— 
2019,車輛維修人員(含自行車、機車、汽車、火車),航空運輸業,… ,… ,… ,… 
2019,航空器維修人員,航空運輸業,482,61368,55725,5643
2019,產業用機器維修人員,航空運輸業,— ,— ,— ,— 
2019,印刷人員,航空運輸業,— ,— ,— ,— 
2019,裝訂及有關工作人員,航空運輸業,— ,— ,— ,— 
2019,建築物電力系統裝修人員(含水電工),航空運輸業,— ,— ,— ,— 
2019,電力機械裝修人員,航空運輸業,— ,— ,— ,— 
2019,電力線路裝修人員,航空運輸業,— ,— ,— ,— 
2019,資(通)訊設備裝修人員(含電信、電話),航空運輸業,— ,— ,— ,— 
2019,電子設備裝修人員（不含資通訊設備）,航空運輸業,— ,— ,— ,— 
2019,潛水人員,航空運輸業,— ,— ,— ,— 
2019,金屬製造設備操作員(含熔煉、鑄造、輾軋、熱處理、抽製及擠型等),航空運輸業,— ,— ,— ,— 
2019,蒸汽引擎及鍋爐操作人員,航空運輸業,— ,— ,— ,— 
2019,軌道車輛駕駛人員,航空運輸業,— ,— ,— ,— 
2019,軌道制動器、號誌及轉轍器操作員,航空運輸業,— ,— ,— ,— 
2019,機車送件駕駛人員,航空運輸業,— ,— ,— ,— 
2019,小客、貨車駕駛人員,航空運輸業,… ,… ,… ,… 
2019,大客、貨車駕駛人員,航空運輸業,… ,… ,… ,… 
2019,推土、吊車、起重機等移運設備操作人員,航空運輸業,— ,— ,— ,— 
2019,船舶艙面水手及有關工作人員,航空運輸業,— ,— ,— ,— 
2019,基層技術工及勞力工,航空運輸業,300,47539,38500,9039
2019,清潔及家事工作人員(含建築清潔工),航空運輸業,… ,… ,… ,… 
2019,勞力工,航空運輸業,— ,— ,— ,— 
2019,理貨員,航空運輸業,296,47760,38643,9117
2019,廚房幫工(含速食烹調),航空運輸業,— ,— ,— ,— 
2019,收票員、引座員,航空運輸業,— ,— ,— ,— 
2019,停車場管理工,航空運輸業,— ,— ,— ,— 
2019,主管及監督人員,港埠業,301,214493,107711,106782
2019,高階主管(總經理及總執行長),港埠業,… ,… ,… ,… 
2019,中階主管(經理),港埠業,97,225230,114633,110597
2019,監督人員(含現場及辦公室主任、科/股長),港埠業,186,205413,100391,105022
2019,專業人員,港埠業,344,133044,66972,66072
2019,品管工程師,港埠業,— ,— ,— ,— 
2019,土木及水利工程師,港埠業,85,138684,66859,71825
2019,環境工程師,港埠業,— ,— ,— ,— 
2019,航空機械工程師,港埠業,— ,— ,— ,— 
2019,機械工程師(含造船、輪機、鑄造),港埠業,20,158365,80695,77670
2019,化工工程師,港埠業,— ,— ,— ,— 
2019,電機工程師,港埠業,28,137942,69774,68168
2019,電子工程師,港埠業,— ,— ,— ,— 
2019,電信工程師,港埠業,— ,— ,— ,— 
2019,建築工程師(含建築師),港埠業,— ,— ,— ,— 
2019,護理人員,港埠業,… ,… ,… ,… 
2019,勞安及衛生管理人員(含工業安全管理師),港埠業,48,127156,68865,58291
2019,會(審)計師(含會計稽核),港埠業,… ,… ,… ,… 
2019,財務、經濟及投資分析研究人員,港埠業,… ,… ,… ,… 
2019,專案管理師(含經營管理顧問),港埠業,… ,… ,… ,… 
2019,稽核人員,港埠業,21,137192,75338,61854
2019,人力資源管理師,港埠業,… ,… ,… ,… 
2019,廣告及行銷專業人員(含企劃),港埠業,… ,… ,… ,… 
2019,公關專業人員,港埠業,… ,… ,… ,… 
2019,資訊系統分析及設計師,港埠業,13,107024,57374,49650
2019,軟體開發及程式設計師,港埠業,— ,— ,— ,— 
2019,資料庫及網路專業人員,港埠業,… ,… ,… ,… 
2019,律師及相關專業人員,港埠業,— ,— ,— ,— 
2019,技術員及助理專業人員,港埠業,839,120953,59649,61304
2019,營建工程技術員(含建築、土木、景觀、測量、水利),港埠業,127,112469,58547,53922
2019,電機技術員,港埠業,… ,… ,… ,… 
2019,電子技術員,港埠業,— ,— ,— ,— 
2019,航空機械技術員,港埠業,— ,— ,— ,— 
2019,冷凍空調技術員,港埠業,— ,— ,— ,— 
2019,機械技術員(含造船、輪機、鑄造),港埠業,134,122887,61980,60907
2019,化工技術員,港埠業,— ,— ,— ,— 
2019,品管技術員,港埠業,— ,— ,— ,— 
2019,環境工程技術員,港埠業,— ,— ,— ,— 
2019,焚化爐、水處理及氣(液)體設備操作員,港埠業,— ,— ,— ,— 
2019,船舶監管人員(含引水人員),港埠業,308,131147,62162,68985
2019,航空駕駛員,港埠業,— ,— ,— ,— 
2019,飛航管制員,港埠業,— ,— ,— ,— 
2019,勞安及衛生技術員,港埠業,… ,… ,… ,… 
2019,會計人員,港埠業,… ,… ,… ,… 
2019,統計及精算助理專業人員,港埠業,— ,— ,— ,— 
2019,工商業銷售代表(含業務員),港埠業,… ,… ,… ,… 
2019,採購員,港埠業,29,155424,76486,78938
2019,報關員(含報驗、船務人員),港埠業,— ,— ,— ,— 
2019,會議及活動規劃人員,港埠業,… ,… ,… ,… 
2019,不動產經紀人,港埠業,— ,— ,— ,— 
2019,專業秘書,港埠業,… ,… ,… ,… 
2019,法務人員,港埠業,… ,… ,… ,… 
2019,資訊管理及維護技術員,港埠業,38,115388,54625,60763
2019,電信技術員,港埠業,— ,— ,— ,— 
2019,事務支援人員,港埠業,620,111302,55730,55572
2019,總務,港埠業,8,97729,59331,38398
2019,一般辦公室事務人員(含文書),港埠業,208,111407,53216,58191
2019,資料輸入人員,港埠業,… ,… ,… ,… 
2019,銀行、郵局櫃台事務人員,港埠業,— ,— ,— ,— 
2019,收帳、收費人員(含帳款催收),港埠業,— ,— ,— ,— 
2019,旅遊諮詢人員(含旅行社事務人員),港埠業,— ,— ,— ,— 
2019,接待員及服務台事務人員,港埠業,… ,… ,… ,… 
2019,總機人員,港埠業,— ,— ,— ,— 
2019,電話及網路客服人員,港埠業,— ,— ,— ,— 
2019,會計助理、簿記、出納,港埠業,64,103899,51150,52749
2019,統計、財務、證券及保險事務人員,港埠業,… ,… ,… ,… 
2019,存貨事務人員,港埠業,… ,… ,… ,… 
2019,生產及物料規劃事務人員,港埠業,— ,— ,— ,— 
2019,運輸事務人員(含稽查、調度、管理、航務),港埠業,156,109531,57732,51799
2019,人事事務人員,港埠業,31,90562,44719,45843
2019,郵件處理及投遞人員,港埠業,— ,— ,— ,— 
2019,服務及銷售工作人員,港埠業,… ,… ,… ,… 
2019,隨車、船、飛機服務人員(含空服員),港埠業,— ,— ,— ,— 
2019,廚師,港埠業,… ,… ,… ,… 
2019,按摩師,港埠業,— ,— ,— ,— 
2019,商店銷售人員(含百貨公司樓管人員),港埠業,— ,— ,— ,— 
2019,收銀員及售票員,港埠業,— ,— ,— ,— 
2019,加油站服務員,港埠業,— ,— ,— ,— 
2019,消防人員,港埠業,— ,— ,— ,— 
2019,建築物管理員、保全及警衛人員,港埠業,— ,— ,— ,— 
2019,技藝、機械設備操作及組裝人員,港埠業,340,107857,51834,56023
2019,營建木作人員,港埠業,— ,— ,— ,— 
2019,其他營建構造人員(含鷹架工),港埠業,… ,… ,… ,… 
2019,管道裝設人員(含檢修),港埠業,— ,— ,— ,— 
2019,焊接及切割人員(含電焊工、氣焊工),港埠業,— ,— ,— ,— 
2019,板金人員,港埠業,— ,— ,— ,— 
2019,金屬工具機設定及操作人員,港埠業,— ,— ,— ,— 
2019,車輛維修人員(含自行車、機車、汽車、火車),港埠業,— ,— ,— ,— 
2019,航空器維修人員,港埠業,— ,— ,— ,— 
2019,產業用機器維修人員,港埠業,… ,… ,… ,… 
2019,印刷人員,港埠業,— ,— ,— ,— 
2019,裝訂及有關工作人員,港埠業,— ,— ,— ,— 
2019,建築物電力系統裝修人員(含水電工),港埠業,— ,— ,— ,— 
2019,電力機械裝修人員,港埠業,… ,… ,… ,… 
2019,電力線路裝修人員,港埠業,— ,— ,— ,— 
2019,資(通)訊設備裝修人員(含電信、電話),港埠業,… ,… ,… ,… 
2019,電子設備裝修人員（不含資通訊設備）,港埠業,— ,— ,— ,— 
2019,潛水人員,港埠業,… ,… ,… ,… 
2019,金屬製造設備操作員(含熔煉、鑄造、輾軋、熱處理、抽製及擠型等),港埠業,… ,… ,… ,… 
2019,蒸汽引擎及鍋爐操作人員,港埠業,— ,— ,— ,— 
2019,軌道車輛駕駛人員,港埠業,— ,— ,— ,— 
2019,軌道制動器、號誌及轉轍器操作員,港埠業,— ,— ,— ,— 
2019,機車送件駕駛人員,港埠業,— ,— ,— ,— 
2019,小客、貨車駕駛人員,港埠業,… ,… ,… ,… 
2019,大客、貨車駕駛人員,港埠業,— ,— ,— ,— 
2019,推土、吊車、起重機等移運設備操作人員,港埠業,… ,… ,… ,… 
2019,船舶艙面水手及有關工作人員,港埠業,… ,… ,… ,… 
2019,基層技術工及勞力工,港埠業,60,84309,43597,40712
2019,清潔及家事工作人員(含建築清潔工),港埠業,59,84197,43634,40563
2019,勞力工,港埠業,… ,… ,… ,… 
2019,理貨員,港埠業,— ,— ,— ,— 
2019,廚房幫工(含速食烹調),港埠業,— ,— ,— ,— 
2019,收票員、引座員,港埠業,— ,— ,— ,— 
2019,停車場管理工,港埠業,— ,— ,— ,— 
2019,主管及監督人員,其他運輸輔助業,9578,77140,71138,6002
2019,高階主管(總經理及總執行長),其他運輸輔助業,797,160006,156993,3013
2019,中階主管(經理),其他運輸輔助業,3300,92023,84640,7383
2019,監督人員(含現場及辦公室主任、科/股長),其他運輸輔助業,5481,56129,50524,5605
2019,專業人員,其他運輸輔助業,1421,63149,58314,4835
2019,品管工程師,其他運輸輔助業,— ,— ,— ,— 
2019,土木及水利工程師,其他運輸輔助業,27,104050,63008,41042
2019,環境工程師,其他運輸輔助業,… ,… ,… ,… 
2019,航空機械工程師,其他運輸輔助業,— ,— ,— ,— 
2019,機械工程師(含造船、輪機、鑄造),其他運輸輔助業,283,79150,77290,1860
2019,化工工程師,其他運輸輔助業,— ,— ,— ,— 
2019,電機工程師,其他運輸輔助業,47,65415,54377,11038
2019,電子工程師,其他運輸輔助業,… ,… ,… ,… 
2019,電信工程師,其他運輸輔助業,— ,— ,— ,— 
2019,建築工程師(含建築師),其他運輸輔助業,… ,… ,… ,… 
2019,護理人員,其他運輸輔助業,14,44613,41342,3271
2019,勞安及衛生管理人員(含工業安全管理師),其他運輸輔助業,29,59775,56363,3412
2019,會(審)計師(含會計稽核),其他運輸輔助業,27,84881,78942,5939
2019,財務、經濟及投資分析研究人員,其他運輸輔助業,… ,… ,… ,… 
2019,專案管理師(含經營管理顧問),其他運輸輔助業,— ,— ,— ,— 
2019,稽核人員,其他運輸輔助業,98,54069,50908,3161
2019,人力資源管理師,其他運輸輔助業,60,65982,54363,11619
2019,廣告及行銷專業人員(含企劃),其他運輸輔助業,290,50841,48962,1879
2019,公關專業人員,其他運輸輔助業,20,89937,70189,19748
2019,資訊系統分析及設計師,其他運輸輔助業,119,69997,62885,7112
2019,軟體開發及程式設計師,其他運輸輔助業,185,50816,50029,787
2019,資料庫及網路專業人員,其他運輸輔助業,196,53181,51208,1973
2019,律師及相關專業人員,其他運輸輔助業,… ,… ,… ,… 
2019,技術員及助理專業人員,其他運輸輔助業,9043,39350,37477,1873
2019,營建工程技術員(含建築、土木、景觀、測量、水利),其他運輸輔助業,… ,… ,… ,… 
2019,電機技術員,其他運輸輔助業,63,45053,38818,6235
2019,電子技術員,其他運輸輔助業,… ,… ,… ,… 
2019,航空機械技術員,其他運輸輔助業,— ,— ,— ,— 
2019,冷凍空調技術員,其他運輸輔助業,— ,— ,— ,— 
2019,機械技術員(含造船、輪機、鑄造),其他運輸輔助業,113,57229,41009,16220
2019,化工技術員,其他運輸輔助業,… ,… ,… ,… 
2019,品管技術員,其他運輸輔助業,— ,— ,— ,— 
2019,環境工程技術員,其他運輸輔助業,… ,… ,… ,… 
2019,焚化爐、水處理及氣(液)體設備操作員,其他運輸輔助業,— ,— ,— ,— 
2019,船舶監管人員(含引水人員),其他運輸輔助業,… ,… ,… ,… 
2019,航空駕駛員,其他運輸輔助業,— ,— ,— ,— 
2019,飛航管制員,其他運輸輔助業,… ,… ,… ,… 
2019,勞安及衛生技術員,其他運輸輔助業,… ,… ,… ,… 
2019,會計人員,其他運輸輔助業,404,53962,51809,2153
2019,統計及精算助理專業人員,其他運輸輔助業,— ,— ,— ,— 
2019,工商業銷售代表(含業務員),其他運輸輔助業,2776,46390,44822,1568
2019,採購員,其他運輸輔助業,80,50504,49542,962
2019,報關員(含報驗、船務人員),其他運輸輔助業,5193,33103,31856,1247
2019,會議及活動規劃人員,其他運輸輔助業,— ,— ,— ,— 
2019,不動產經紀人,其他運輸輔助業,— ,— ,— ,— 
2019,專業秘書,其他運輸輔助業,116,47513,47238,275
2019,法務人員,其他運輸輔助業,46,48835,43737,5098
2019,資訊管理及維護技術員,其他運輸輔助業,202,36214,33525,2689
2019,電信技術員,其他運輸輔助業,— ,— ,— ,— 
2019,事務支援人員,其他運輸輔助業,24900,36644,34592,2052
2019,總務,其他運輸輔助業,974,32293,29742,2551
2019,一般辦公室事務人員(含文書),其他運輸輔助業,9788,35047,33350,1697
2019,資料輸入人員,其他運輸輔助業,2530,33913,31708,2205
2019,銀行、郵局櫃台事務人員,其他運輸輔助業,— ,— ,— ,— 
2019,收帳、收費人員(含帳款催收),其他運輸輔助業,466,31175,31043,132
2019,旅遊諮詢人員(含旅行社事務人員),其他運輸輔助業,38,31081,30770,311
2019,接待員及服務台事務人員,其他運輸輔助業,386,29686,28246,1440
2019,總機人員,其他運輸輔助業,57,27262,25548,1714
2019,電話及網路客服人員,其他運輸輔助業,1156,36890,35380,1510
2019,會計助理、簿記、出納,其他運輸輔助業,3184,32687,31494,1193
2019,統計、財務、證券及保險事務人員,其他運輸輔助業,… ,… ,… ,… 
2019,存貨事務人員,其他運輸輔助業,640,40814,34781,6033
2019,生產及物料規劃事務人員,其他運輸輔助業,— ,— ,— ,— 
2019,運輸事務人員(含稽查、調度、管理、航務),其他運輸輔助業,5393,44404,41513,2891
2019,人事事務人員,其他運輸輔助業,284,38044,35961,2083
2019,郵件處理及投遞人員,其他運輸輔助業,— ,— ,— ,— 
2019,服務及銷售工作人員,其他運輸輔助業,309,70493,43272,27221
2019,隨車、船、飛機服務人員(含空服員),其他運輸輔助業,— ,— ,— ,— 
2019,廚師,其他運輸輔助業,— ,— ,— ,— 
2019,按摩師,其他運輸輔助業,… ,… ,… ,… 
2019,商店銷售人員(含百貨公司樓管人員),其他運輸輔助業,87,30635,27530,3105
2019,收銀員及售票員,其他運輸輔助業,— ,— ,— ,— 
2019,加油站服務員,其他運輸輔助業,— ,— ,— ,— 
2019,消防人員,其他運輸輔助業,156,110548,58361,52187
2019,建築物管理員、保全及警衛人員,其他運輸輔助業,… ,… ,… ,… 
2019,技藝、機械設備操作及組裝人員,其他運輸輔助業,10696,38808,35939,2869
2019,營建木作人員,其他運輸輔助業,— ,— ,— ,— 
2019,其他營建構造人員(含鷹架工),其他運輸輔助業,— ,— ,— ,— 
2019,管道裝設人員(含檢修),其他運輸輔助業,— ,— ,— ,— 
2019,焊接及切割人員(含電焊工、氣焊工),其他運輸輔助業,— ,— ,— ,— 
2019,板金人員,其他運輸輔助業,— ,— ,— ,— 
2019,金屬工具機設定及操作人員,其他運輸輔助業,— ,— ,— ,— 
2019,車輛維修人員(含自行車、機車、汽車、火車),其他運輸輔助業,375,76730,47881,28849
2019,航空器維修人員,其他運輸輔助業,— ,— ,— ,— 
2019,產業用機器維修人員,其他運輸輔助業,— ,— ,— ,— 
2019,印刷人員,其他運輸輔助業,— ,— ,— ,— 
2019,裝訂及有關工作人員,其他運輸輔助業,— ,— ,— ,— 
2019,建築物電力系統裝修人員(含水電工),其他運輸輔助業,— ,— ,— ,— 
2019,電力機械裝修人員,其他運輸輔助業,… ,… ,… ,… 
2019,電力線路裝修人員,其他運輸輔助業,— ,— ,— ,— 
2019,資(通)訊設備裝修人員(含電信、電話),其他運輸輔助業,— ,— ,— ,— 
2019,電子設備裝修人員（不含資通訊設備）,其他運輸輔助業,— ,— ,— ,— 
2019,潛水人員,其他運輸輔助業,— ,— ,— ,— 
2019,金屬製造設備操作員(含熔煉、鑄造、輾軋、熱處理、抽製及擠型等),其他運輸輔助業,— ,— ,— ,— 
2019,蒸汽引擎及鍋爐操作人員,其他運輸輔助業,— ,— ,— ,— 
2019,軌道車輛駕駛人員,其他運輸輔助業,— ,— ,— ,— 
2019,軌道制動器、號誌及轉轍器操作員,其他運輸輔助業,— ,— ,— ,— 
2019,機車送件駕駛人員,其他運輸輔助業,444,26928,24616,2312
2019,小客、貨車駕駛人員,其他運輸輔助業,2768,31695,30742,953
2019,大客、貨車駕駛人員,其他運輸輔助業,2918,41840,38212,3628
2019,推土、吊車、起重機等移運設備操作人員,其他運輸輔助業,4150,39246,37950,1296
2019,船舶艙面水手及有關工作人員,其他運輸輔助業,31,40096,32511,7585
2019,基層技術工及勞力工,其他運輸輔助業,15714,39190,30398,8792
2019,清潔及家事工作人員(含建築清潔工),其他運輸輔助業,324,29205,28286,919
2019,勞力工,其他運輸輔助業,6430,54963,36268,18695
2019,理貨員,其他運輸輔助業,4455,28668,27900,768
2019,廚房幫工(含速食烹調),其他運輸輔助業,— ,— ,— ,— 
2019,收票員、引座員,其他運輸輔助業,— ,— ,— ,— 
2019,停車場管理工,其他運輸輔助業,4505,27802,24643,3159
2019,主管及監督人員,倉儲業,2067,68596,63660,4936
2019,高階主管(總經理及總執行長),倉儲業,89,169792,166228,3564
2019,中階主管(經理),倉儲業,386,90080,84842,5238
2019,監督人員(含現場及辦公室主任、科/股長),倉儲業,1592,57730,52790,4940
2019,專業人員,倉儲業,536,64732,60369,4363
2019,品管工程師,倉儲業,31,71842,67357,4485
2019,土木及水利工程師,倉儲業,8,60391,60391,— 
2019,環境工程師,倉儲業,— ,— ,— ,— 
2019,航空機械工程師,倉儲業,— ,— ,— ,— 
2019,機械工程師(含造船、輪機、鑄造),倉儲業,132,69383,61451,7932
2019,化工工程師,倉儲業,… ,… ,… ,… 
2019,電機工程師,倉儲業,73,62820,58749,4071
2019,電子工程師,倉儲業,— ,— ,— ,— 
2019,電信工程師,倉儲業,— ,— ,— ,— 
2019,建築工程師(含建築師),倉儲業,— ,— ,— ,— 
2019,護理人員,倉儲業,8,42584,42584,— 
2019,勞安及衛生管理人員(含工業安全管理師),倉儲業,57,73423,71201,2222
2019,會(審)計師(含會計稽核),倉儲業,— ,— ,— ,— 
2019,財務、經濟及投資分析研究人員,倉儲業,… ,… ,… ,… 
2019,專案管理師(含經營管理顧問),倉儲業,… ,… ,… ,… 
2019,稽核人員,倉儲業,15,73050,63734,9316
2019,人力資源管理師,倉儲業,11,68165,62918,5247
2019,廣告及行銷專業人員(含企劃),倉儲業,79,57602,51521,6081
2019,公關專業人員,倉儲業,— ,— ,— ,— 
2019,資訊系統分析及設計師,倉儲業,48,61804,61473,331
2019,軟體開發及程式設計師,倉儲業,20,56947,56641,306
2019,資料庫及網路專業人員,倉儲業,28,63393,62908,485
2019,律師及相關專業人員,倉儲業,— ,— ,— ,— 
2019,技術員及助理專業人員,倉儲業,882,59527,52837,6690
2019,營建工程技術員(含建築、土木、景觀、測量、水利),倉儲業,48,57039,49974,7065
2019,電機技術員,倉儲業,97,57242,50954,6288
2019,電子技術員,倉儲業,— ,— ,— ,— 
2019,航空機械技術員,倉儲業,— ,— ,— ,— 
2019,冷凍空調技術員,倉儲業,… ,… ,… ,… 
2019,機械技術員(含造船、輪機、鑄造),倉儲業,45,66900,58076,8824
2019,化工技術員,倉儲業,— ,— ,— ,— 
2019,品管技術員,倉儲業,7,42047,37623,4424
2019,環境工程技術員,倉儲業,— ,— ,— ,— 
2019,焚化爐、水處理及氣(液)體設備操作員,倉儲業,261,73447,61454,11993
2019,船舶監管人員(含引水人員),倉儲業,7,75859,67176,8683
2019,航空駕駛員,倉儲業,— ,— ,— ,— 
2019,飛航管制員,倉儲業,— ,— ,— ,— 
2019,勞安及衛生技術員,倉儲業,35,47099,45160,1939
2019,會計人員,倉儲業,121,56948,50537,6411
2019,統計及精算助理專業人員,倉儲業,— ,— ,— ,— 
2019,工商業銷售代表(含業務員),倉儲業,41,51518,50783,735
2019,採購員,倉儲業,53,41550,40989,561
2019,報關員(含報驗、船務人員),倉儲業,68,49341,44511,4830
2019,會議及活動規劃人員,倉儲業,— ,— ,— ,— 
2019,不動產經紀人,倉儲業,— ,— ,— ,— 
2019,專業秘書,倉儲業,29,55313,55313,— 
2019,法務人員,倉儲業,18,46065,46065,— 
2019,資訊管理及維護技術員,倉儲業,43,50804,48458,2346
2019,電信技術員,倉儲業,— ,— ,— ,— 
2019,事務支援人員,倉儲業,4007,42881,38669,4212
2019,總務,倉儲業,200,45086,41771,3315
2019,一般辦公室事務人員(含文書),倉儲業,1327,46402,39178,7224
2019,資料輸入人員,倉儲業,249,37181,31903,5278
2019,銀行、郵局櫃台事務人員,倉儲業,— ,— ,— ,— 
2019,收帳、收費人員(含帳款催收),倉儲業,183,41959,40310,1649
2019,旅遊諮詢人員(含旅行社事務人員),倉儲業,— ,— ,— ,— 
2019,接待員及服務台事務人員,倉儲業,13,48786,48625,161
2019,總機人員,倉儲業,8,28979,28979,— 
2019,電話及網路客服人員,倉儲業,215,35479,34746,733
2019,會計助理、簿記、出納,倉儲業,311,31838,31505,333
2019,統計、財務、證券及保險事務人員,倉儲業,— ,— ,— ,— 
2019,存貨事務人員,倉儲業,684,39926,38659,1267
2019,生產及物料規劃事務人員,倉儲業,— ,— ,— ,— 
2019,運輸事務人員(含稽查、調度、管理、航務),倉儲業,676,49767,45073,4694
2019,人事事務人員,倉儲業,141,35082,30046,5036
2019,郵件處理及投遞人員,倉儲業,— ,— ,— ,— 
2019,服務及銷售工作人員,倉儲業,124,47622,33336,14286
2019,隨車、船、飛機服務人員(含空服員),倉儲業,— ,— ,— ,— 
2019,廚師,倉儲業,— ,— ,— ,— 
2019,按摩師,倉儲業,— ,— ,— ,— 
2019,商店銷售人員(含百貨公司樓管人員),倉儲業,— ,— ,— ,— 
2019,收銀員及售票員,倉儲業,— ,— ,— ,— 
2019,加油站服務員,倉儲業,— ,— ,— ,— 
2019,消防人員,倉儲業,— ,— ,— ,— 
2019,建築物管理員、保全及警衛人員,倉儲業,124,47622,33336,14286
2019,技藝、機械設備操作及組裝人員,倉儲業,1401,47245,43354,3891
2019,營建木作人員,倉儲業,— ,— ,— ,— 
2019,其他營建構造人員(含鷹架工),倉儲業,— ,— ,— ,— 
2019,管道裝設人員(含檢修),倉儲業,22,51107,43154,7953
2019,焊接及切割人員(含電焊工、氣焊工),倉儲業,… ,… ,… ,… 
2019,板金人員,倉儲業,— ,— ,— ,— 
2019,金屬工具機設定及操作人員,倉儲業,— ,— ,— ,— 
2019,車輛維修人員(含自行車、機車、汽車、火車),倉儲業,73,57488,54605,2883
2019,航空器維修人員,倉儲業,— ,— ,— ,— 
2019,產業用機器維修人員,倉儲業,— ,— ,— ,— 
2019,印刷人員,倉儲業,— ,— ,— ,— 
2019,裝訂及有關工作人員,倉儲業,— ,— ,— ,— 
2019,建築物電力系統裝修人員(含水電工),倉儲業,— ,— ,— ,— 
2019,電力機械裝修人員,倉儲業,66,57359,46816,10543
2019,電力線路裝修人員,倉儲業,… ,… ,… ,… 
2019,資(通)訊設備裝修人員(含電信、電話),倉儲業,— ,— ,— ,— 
2019,電子設備裝修人員（不含資通訊設備）,倉儲業,… ,… ,… ,… 
2019,潛水人員,倉儲業,— ,— ,— ,— 
2019,金屬製造設備操作員(含熔煉、鑄造、輾軋、熱處理、抽製及擠型等),倉儲業,— ,— ,— ,— 
2019,蒸汽引擎及鍋爐操作人員,倉儲業,13,73862,58276,15586
2019,軌道車輛駕駛人員,倉儲業,— ,— ,— ,— 
2019,軌道制動器、號誌及轉轍器操作員,倉儲業,— ,— ,— ,— 
2019,機車送件駕駛人員,倉儲業,— ,— ,— ,— 
2019,小客、貨車駕駛人員,倉儲業,36,36232,31928,4304
2019,大客、貨車駕駛人員,倉儲業,290,62940,52846,10094
2019,推土、吊車、起重機等移運設備操作人員,倉儲業,879,40566,39446,1120
2019,船舶艙面水手及有關工作人員,倉儲業,— ,— ,— ,— 
2019,基層技術工及勞力工,倉儲業,5841,36420,32712,3708
2019,清潔及家事工作人員(含建築清潔工),倉儲業,46,26184,26170,14
2019,勞力工,倉儲業,921,26894,25540,1354
2019,理貨員,倉儲業,4874,38317,34129,4188
2019,廚房幫工(含速食烹調),倉儲業,— ,— ,— ,— 
2019,收票員、引座員,倉儲業,— ,— ,— ,— 
2019,停車場管理工,倉儲業,— ,— ,— ,— 
2019,主管及監督人員,郵政業,4050,82166,80902,1264
2019,高階主管(總經理及總執行長),郵政業,… ,… ,… ,… 
2019,中階主管(經理),郵政業,… ,… ,… ,… 
2019,監督人員(含現場及辦公室主任、科/股長),郵政業,… ,… ,… ,… 
2019,專業人員,郵政業,… ,… ,… ,… 
2019,品管工程師,郵政業,— ,— ,— ,— 
2019,土木及水利工程師,郵政業,— ,— ,— ,— 
2019,環境工程師,郵政業,— ,— ,— ,— 
2019,航空機械工程師,郵政業,— ,— ,— ,— 
2019,機械工程師(含造船、輪機、鑄造),郵政業,— ,— ,— ,— 
2019,化工工程師,郵政業,— ,— ,— ,— 
2019,電機工程師,郵政業,— ,— ,— ,— 
2019,電子工程師,郵政業,— ,— ,— ,— 
2019,電信工程師,郵政業,— ,— ,— ,— 
2019,建築工程師(含建築師),郵政業,— ,— ,— ,— 
2019,護理人員,郵政業,— ,— ,— ,— 
2019,勞安及衛生管理人員(含工業安全管理師),郵政業,— ,— ,— ,— 
2019,會(審)計師(含會計稽核),郵政業,— ,— ,— ,— 
2019,財務、經濟及投資分析研究人員,郵政業,— ,— ,— ,— 
2019,專案管理師(含經營管理顧問),郵政業,— ,— ,— ,— 
2019,稽核人員,郵政業,— ,— ,— ,— 
2019,人力資源管理師,郵政業,— ,— ,— ,— 
2019,廣告及行銷專業人員(含企劃),郵政業,— ,— ,— ,— 
2019,公關專業人員,郵政業,— ,— ,— ,— 
2019,資訊系統分析及設計師,郵政業,… ,… ,… ,… 
2019,軟體開發及程式設計師,郵政業,— ,— ,— ,— 
2019,資料庫及網路專業人員,郵政業,— ,— ,— ,— 
2019,律師及相關專業人員,郵政業,— ,— ,— ,— 
2019,技術員及助理專業人員,郵政業,54,72864,72304,560
2019,營建工程技術員(含建築、土木、景觀、測量、水利),郵政業,… ,… ,… ,… 
2019,電機技術員,郵政業,… ,… ,… ,… 
2019,電子技術員,郵政業,— ,— ,— ,— 
2019,航空機械技術員,郵政業,— ,— ,— ,— 
2019,冷凍空調技術員,郵政業,— ,— ,— ,— 
2019,機械技術員(含造船、輪機、鑄造),郵政業,… ,… ,… ,… 
2019,化工技術員,郵政業,— ,— ,— ,— 
2019,品管技術員,郵政業,— ,— ,— ,— 
2019,環境工程技術員,郵政業,— ,— ,— ,— 
2019,焚化爐、水處理及氣(液)體設備操作員,郵政業,— ,— ,— ,— 
2019,船舶監管人員(含引水人員),郵政業,— ,— ,— ,— 
2019,航空駕駛員,郵政業,— ,— ,— ,— 
2019,飛航管制員,郵政業,— ,— ,— ,— 
2019,勞安及衛生技術員,郵政業,— ,— ,— ,— 
2019,會計人員,郵政業,— ,— ,— ,— 
2019,統計及精算助理專業人員,郵政業,— ,— ,— ,— 
2019,工商業銷售代表(含業務員),郵政業,— ,— ,— ,— 
2019,採購員,郵政業,… ,… ,… ,… 
2019,報關員(含報驗、船務人員),郵政業,— ,— ,— ,— 
2019,會議及活動規劃人員,郵政業,— ,— ,— ,— 
2019,不動產經紀人,郵政業,— ,— ,— ,— 
2019,專業秘書,郵政業,… ,… ,… ,… 
2019,法務人員,郵政業,— ,— ,— ,— 
2019,資訊管理及維護技術員,郵政業,— ,— ,— ,— 
2019,電信技術員,郵政業,— ,— ,— ,— 
2019,事務支援人員,郵政業,17594,50252,49431,821
2019,總務,郵政業,… ,… ,… ,… 
2019,一般辦公室事務人員(含文書),郵政業,… ,… ,… ,… 
2019,資料輸入人員,郵政業,— ,— ,— ,— 
2019,銀行、郵局櫃台事務人員,郵政業,… ,… ,… ,… 
2019,收帳、收費人員(含帳款催收),郵政業,— ,— ,— ,— 
2019,旅遊諮詢人員(含旅行社事務人員),郵政業,— ,— ,— ,— 
2019,接待員及服務台事務人員,郵政業,— ,— ,— ,— 
2019,總機人員,郵政業,— ,— ,— ,— 
2019,電話及網路客服人員,郵政業,— ,— ,— ,— 
2019,會計助理、簿記、出納,郵政業,… ,… ,… ,… 
2019,統計、財務、證券及保險事務人員,郵政業,— ,— ,— ,— 
2019,存貨事務人員,郵政業,— ,— ,— ,— 
2019,生產及物料規劃事務人員,郵政業,— ,— ,— ,— 
2019,運輸事務人員(含稽查、調度、管理、航務),郵政業,… ,… ,… ,… 
2019,人事事務人員,郵政業,… ,… ,… ,… 
2019,郵件處理及投遞人員,郵政業,… ,… ,… ,… 
2019,服務及銷售工作人員,郵政業,… ,… ,… ,… 
2019,隨車、船、飛機服務人員(含空服員),郵政業,— ,— ,— ,— 
2019,廚師,郵政業,— ,— ,— ,— 
2019,按摩師,郵政業,— ,— ,— ,— 
2019,商店銷售人員(含百貨公司樓管人員),郵政業,— ,— ,— ,— 
2019,收銀員及售票員,郵政業,— ,— ,— ,— 
2019,加油站服務員,郵政業,— ,— ,— ,— 
2019,消防人員,郵政業,— ,— ,— ,— 
2019,建築物管理員、保全及警衛人員,郵政業,… ,… ,… ,… 
2019,技藝、機械設備操作及組裝人員,郵政業,2321,49564,48539,1025
2019,營建木作人員,郵政業,— ,— ,— ,— 
2019,其他營建構造人員(含鷹架工),郵政業,— ,— ,— ,— 
2019,管道裝設人員(含檢修),郵政業,— ,— ,— ,— 
2019,焊接及切割人員(含電焊工、氣焊工),郵政業,— ,— ,— ,— 
2019,板金人員,郵政業,— ,— ,— ,— 
2019,金屬工具機設定及操作人員,郵政業,— ,— ,— ,— 
2019,車輛維修人員(含自行車、機車、汽車、火車),郵政業,… ,… ,… ,… 
2019,航空器維修人員,郵政業,— ,— ,— ,— 
2019,產業用機器維修人員,郵政業,— ,— ,— ,— 
2019,印刷人員,郵政業,— ,— ,— ,— 
2019,裝訂及有關工作人員,郵政業,— ,— ,— ,— 
2019,建築物電力系統裝修人員(含水電工),郵政業,— ,— ,— ,— 
2019,電力機械裝修人員,郵政業,… ,… ,… ,… 
2019,電力線路裝修人員,郵政業,— ,— ,— ,— 
2019,資(通)訊設備裝修人員(含電信、電話),郵政業,— ,— ,— ,— 
2019,電子設備裝修人員（不含資通訊設備）,郵政業,… ,… ,… ,… 
2019,潛水人員,郵政業,— ,— ,— ,— 
2019,金屬製造設備操作員(含熔煉、鑄造、輾軋、熱處理、抽製及擠型等),郵政業,— ,— ,— ,— 
2019,蒸汽引擎及鍋爐操作人員,郵政業,— ,— ,— ,— 
2019,軌道車輛駕駛人員,郵政業,— ,— ,— ,— 
2019,軌道制動器、號誌及轉轍器操作員,郵政業,— ,— ,— ,— 
2019,機車送件駕駛人員,郵政業,— ,— ,— ,— 
2019,小客、貨車駕駛人員,郵政業,… ,… ,… ,… 
2019,大客、貨車駕駛人員,郵政業,… ,… ,… ,… 
2019,推土、吊車、起重機等移運設備操作人員,郵政業,— ,— ,— ,— 
2019,船舶艙面水手及有關工作人員,郵政業,— ,— ,— ,— 
2019,基層技術工及勞力工,郵政業,… ,… ,… ,… 
2019,清潔及家事工作人員(含建築清潔工),郵政業,— ,— ,— ,— 
2019,勞力工,郵政業,… ,… ,… ,… 
2019,理貨員,郵政業,— ,— ,— ,— 
2019,廚房幫工(含速食烹調),郵政業,— ,— ,— ,— 
2019,收票員、引座員,郵政業,— ,— ,— ,— 
2019,停車場管理工,郵政業,— ,— ,— ,— 
2019,主管及監督人員,快遞業,1206,82870,76609,6261
2019,高階主管(總經理及總執行長),快遞業,34,261996,261886,110
2019,中階主管(經理),快遞業,307,124321,118616,5705
2019,監督人員(含現場及辦公室主任、科/股長),快遞業,865,61117,54417,6700
2019,專業人員,快遞業,309,84337,83894,443
2019,品管工程師,快遞業,— ,— ,— ,— 
2019,土木及水利工程師,快遞業,— ,— ,— ,— 
2019,環境工程師,快遞業,— ,— ,— ,— 
2019,航空機械工程師,快遞業,— ,— ,— ,— 
2019,機械工程師(含造船、輪機、鑄造),快遞業,— ,— ,— ,— 
2019,化工工程師,快遞業,— ,— ,— ,— 
2019,電機工程師,快遞業,— ,— ,— ,— 
2019,電子工程師,快遞業,— ,— ,— ,— 
2019,電信工程師,快遞業,— ,— ,— ,— 
2019,建築工程師(含建築師),快遞業,— ,— ,— ,— 
2019,護理人員,快遞業,— ,— ,— ,— 
2019,勞安及衛生管理人員(含工業安全管理師),快遞業,… ,… ,… ,… 
2019,會(審)計師(含會計稽核),快遞業,— ,— ,— ,— 
2019,財務、經濟及投資分析研究人員,快遞業,— ,— ,— ,— 
2019,專案管理師(含經營管理顧問),快遞業,— ,— ,— ,— 
2019,稽核人員,快遞業,— ,— ,— ,— 
2019,人力資源管理師,快遞業,… ,… ,… ,… 
2019,廣告及行銷專業人員(含企劃),快遞業,14,69773,69109,664
2019,公關專業人員,快遞業,— ,— ,— ,— 
2019,資訊系統分析及設計師,快遞業,130,95689,94707,982
2019,軟體開發及程式設計師,快遞業,— ,— ,— ,— 
2019,資料庫及網路專業人員,快遞業,141,71516,71516,— 
2019,律師及相關專業人員,快遞業,— ,— ,— ,— 
2019,技術員及助理專業人員,快遞業,1393,65179,59955,5224
2019,營建工程技術員(含建築、土木、景觀、測量、水利),快遞業,— ,— ,— ,— 
2019,電機技術員,快遞業,— ,— ,— ,— 
2019,電子技術員,快遞業,— ,— ,— ,— 
2019,航空機械技術員,快遞業,… ,… ,… ,… 
2019,冷凍空調技術員,快遞業,— ,— ,— ,— 
2019,機械技術員(含造船、輪機、鑄造),快遞業,— ,— ,— ,— 
2019,化工技術員,快遞業,— ,— ,— ,— 
2019,品管技術員,快遞業,— ,— ,— ,— 
2019,環境工程技術員,快遞業,— ,— ,— ,— 
2019,焚化爐、水處理及氣(液)體設備操作員,快遞業,— ,— ,— ,— 
2019,船舶監管人員(含引水人員),快遞業,— ,— ,— ,— 
2019,航空駕駛員,快遞業,— ,— ,— ,— 
2019,飛航管制員,快遞業,— ,— ,— ,— 
2019,勞安及衛生技術員,快遞業,7,36105,35043,1062
2019,會計人員,快遞業,13,81981,81981,— 
2019,統計及精算助理專業人員,快遞業,— ,— ,— ,— 
2019,工商業銷售代表(含業務員),快遞業,665,69969,62120,7849
2019,採購員,快遞業,7,50851,50184,667
2019,報關員(含報驗、船務人員),快遞業,663,60999,57978,3021
2019,會議及活動規劃人員,快遞業,— ,— ,— ,— 
2019,不動產經紀人,快遞業,— ,— ,— ,— 
2019,專業秘書,快遞業,12,71621,71503,118
2019,法務人員,快遞業,… ,… ,… ,… 
2019,資訊管理及維護技術員,快遞業,17,39009,39009,— 
2019,電信技術員,快遞業,— ,— ,— ,— 
2019,事務支援人員,快遞業,5525,50242,47335,2907
2019,總務,快遞業,20,44598,43448,1150
2019,一般辦公室事務人員(含文書),快遞業,2270,52686,47642,5044
2019,資料輸入人員,快遞業,220,40455,40186,269
2019,銀行、郵局櫃台事務人員,快遞業,— ,— ,— ,— 
2019,收帳、收費人員(含帳款催收),快遞業,129,65755,65535,220
2019,旅遊諮詢人員(含旅行社事務人員),快遞業,— ,— ,— ,— 
2019,接待員及服務台事務人員,快遞業,… ,… ,… ,… 
2019,總機人員,快遞業,— ,— ,— ,— 
2019,電話及網路客服人員,快遞業,723,48829,48233,596
2019,會計助理、簿記、出納,快遞業,411,37155,37011,144
2019,統計、財務、證券及保險事務人員,快遞業,— ,— ,— ,— 
2019,存貨事務人員,快遞業,167,56645,54304,2341
2019,生產及物料規劃事務人員,快遞業,— ,— ,— ,— 
2019,運輸事務人員(含稽查、調度、管理、航務),快遞業,545,57519,54513,3006
2019,人事事務人員,快遞業,48,39632,39632,— 
2019,郵件處理及投遞人員,快遞業,624,39144,39144,— 
2019,服務及銷售工作人員,快遞業,— ,— ,— ,— 
2019,隨車、船、飛機服務人員(含空服員),快遞業,— ,— ,— ,— 
2019,廚師,快遞業,— ,— ,— ,— 
2019,按摩師,快遞業,— ,— ,— ,— 
2019,商店銷售人員(含百貨公司樓管人員),快遞業,— ,— ,— ,— 
2019,收銀員及售票員,快遞業,— ,— ,— ,— 
2019,加油站服務員,快遞業,— ,— ,— ,— 
2019,消防人員,快遞業,— ,— ,— ,— 
2019,建築物管理員、保全及警衛人員,快遞業,— ,— ,— ,— 
2019,技藝、機械設備操作及組裝人員,快遞業,9437,52887,46669,6218
2019,營建木作人員,快遞業,— ,— ,— ,— 
2019,其他營建構造人員(含鷹架工),快遞業,— ,— ,— ,— 
2019,管道裝設人員(含檢修),快遞業,— ,— ,— ,— 
2019,焊接及切割人員(含電焊工、氣焊工),快遞業,— ,— ,— ,— 
2019,板金人員,快遞業,— ,— ,— ,— 
2019,金屬工具機設定及操作人員,快遞業,— ,— ,— ,— 
2019,車輛維修人員(含自行車、機車、汽車、火車),快遞業,— ,— ,— ,— 
2019,航空器維修人員,快遞業,— ,— ,— ,— 
2019,產業用機器維修人員,快遞業,— ,— ,— ,— 
2019,印刷人員,快遞業,— ,— ,— ,— 
2019,裝訂及有關工作人員,快遞業,— ,— ,— ,— 
2019,建築物電力系統裝修人員(含水電工),快遞業,— ,— ,— ,— 
2019,電力機械裝修人員,快遞業,— ,— ,— ,— 
2019,電力線路裝修人員,快遞業,— ,— ,— ,— 
2019,資(通)訊設備裝修人員(含電信、電話),快遞業,— ,— ,— ,— 
2019,電子設備裝修人員（不含資通訊設備）,快遞業,— ,— ,— ,— 
2019,潛水人員,快遞業,— ,— ,— ,— 
2019,金屬製造設備操作員(含熔煉、鑄造、輾軋、熱處理、抽製及擠型等),快遞業,— ,— ,— ,— 
2019,蒸汽引擎及鍋爐操作人員,快遞業,— ,— ,— ,— 
2019,軌道車輛駕駛人員,快遞業,— ,— ,— ,— 
2019,軌道制動器、號誌及轉轍器操作員,快遞業,— ,— ,— ,— 
2019,機車送件駕駛人員,快遞業,3418,43662,33670,9992
2019,小客、貨車駕駛人員,快遞業,5308,56780,53377,3403
2019,大客、貨車駕駛人員,快遞業,532,76547,65715,10832
2019,推土、吊車、起重機等移運設備操作人員,快遞業,… ,… ,… ,… 
2019,船舶艙面水手及有關工作人員,快遞業,— ,— ,— ,— 
2019,基層技術工及勞力工,快遞業,1400,51112,45637,5475
2019,清潔及家事工作人員(含建築清潔工),快遞業,— ,— ,— ,— 
2019,勞力工,快遞業,… ,… ,… ,… 
2019,理貨員,快遞業,1347,52616,46926,5690
2019,廚房幫工(含速食烹調),快遞業,— ,— ,— ,— 
2019,收票員、引座員,快遞業,— ,— ,— ,— 
2019,停車場管理工,快遞業,— ,— ,— ,— 
,,,,,,
,,,,,,
,,,,,,
